-- phpMyAdmin SQL Dump
-- version 5.2.0
-- https://www.phpmyadmin.net/
--
-- Host: 127.0.0.1
-- Waktu pembuatan: 06 Feb 2023 pada 05.26
-- Versi server: 10.4.24-MariaDB
-- Versi PHP: 8.1.6

SET SQL_MODE = "NO_AUTO_VALUE_ON_ZERO";
START TRANSACTION;
SET time_zone = "+00:00";


/*!40101 SET @OLD_CHARACTER_SET_CLIENT=@@CHARACTER_SET_CLIENT */;
/*!40101 SET @OLD_CHARACTER_SET_RESULTS=@@CHARACTER_SET_RESULTS */;
/*!40101 SET @OLD_COLLATION_CONNECTION=@@COLLATION_CONNECTION */;
/*!40101 SET NAMES utf8mb4 */;

--
-- Database: `spk_mautstunting`
--

-- --------------------------------------------------------

--
-- Struktur dari tabel `catin`
--

CREATE TABLE `catin` (
  `id` bigint(20) UNSIGNED NOT NULL,
  `name` varchar(255) COLLATE utf8mb4_unicode_ci NOT NULL,
  `nik` varchar(255) COLLATE utf8mb4_unicode_ci NOT NULL,
  `no_hp` varchar(255) COLLATE utf8mb4_unicode_ci NOT NULL,
  `age` varchar(255) COLLATE utf8mb4_unicode_ci NOT NULL,
  `address` text COLLATE utf8mb4_unicode_ci DEFAULT NULL,
  `village_id` bigint(20) UNSIGNED NOT NULL,
  `status_id` bigint(20) UNSIGNED NOT NULL,
  `team_id` bigint(20) UNSIGNED DEFAULT NULL,
  `created_at` timestamp NULL DEFAULT NULL,
  `updated_at` timestamp NULL DEFAULT NULL
) ENGINE=InnoDB DEFAULT CHARSET=utf8mb4 COLLATE=utf8mb4_unicode_ci;

--
-- Dumping data untuk tabel `catin`
--

INSERT INTO `catin` (`id`, `name`, `nik`, `no_hp`, `age`, `address`, `village_id`, `status_id`, `team_id`, `created_at`, `updated_at`) VALUES
(1, 'Munifah', '3548192277583898', '081534784757', '21', 'ini alamat dump', 1, 1, 1, NULL, NULL),
(2, 'Wardatul Hoiriyah', '3550344034534230', '086318789958', '29', 'ini alamat dump', 2, 1, 2, NULL, NULL),
(3, 'Dewi Nur Aini', '3522739470012567', '088271173394', '33', 'ini alamat dump', 3, 1, 3, NULL, NULL),
(4, 'Ila Wardiyah', '3597539951992654', '086927343456', '34', 'ini alamat dump', 4, 1, 4, NULL, NULL),
(5, 'RIKA', '3528855769856533', '089089408800', '42', 'ini alamat dump', 4, 1, 5, NULL, NULL),
(6, 'Misnaya', '3527685179649126', '082536050304', '16', 'ini alamat dump', 4, 1, 6, NULL, NULL),
(7, 'Halima', '3529142737211247', '089622945567', '45', 'ini alamat dump', 4, 1, 7, NULL, NULL),
(8, 'Siti Marifah', '3550799205503378', '088053152248', '34', 'ini alamat dump', 4, 1, 1, NULL, NULL),
(9, 'Koyim', '3594308714725489', '087821189032', '31', 'ini alamat dump', 4, 1, 2, NULL, NULL),
(10, 'Wiwin Husniah', '3541063448309792', '086156802220', '41', 'ini alamat dump', 4, 1, 3, NULL, NULL),
(11, 'Siti Marifah', '3556125212583972', '083876673513', '35', 'ini alamat dump', 4, 1, 4, NULL, NULL),
(12, 'Sofianatul Hasanah', '3591625228265363', '088858187897', '41', 'ini alamat dump', 4, 1, 5, NULL, NULL),
(13, 'Laily Agustin', '3517398401180313', '085861434417', '47', 'ini alamat dump', 4, 1, 6, NULL, NULL),
(14, 'Ifatun Nisak', '3578355307886944', '085945110121', '19', 'ini alamat dump', 4, 1, 7, NULL, NULL),
(15, 'Refika Amfelia Febiola', '3573958928735104', '081486898570', '22', 'ini alamat dump', 4, 1, 1, NULL, NULL),
(16, 'Siti Maimunah', '3530997148969594', '088892122544', '47', 'ini alamat dump', 4, 1, 2, NULL, NULL),
(17, 'Yulia Tri Susanti', '3580801324859901', '088670691202', '18', 'ini alamat dump', 4, 1, 3, NULL, NULL),
(18, 'Wardatul Nafiah', '3562374633616725', '081559430429', '27', 'ini alamat dump', 4, 1, 3, NULL, NULL),
(19, 'lieslie juwita', '3554849574143044', '082067923460', '49', 'ini alamat dump', 4, 1, 3, NULL, NULL),
(20, 'suyanti', '3553084019999464', '088272039086', '49', 'ini alamat dump', 4, 1, 3, NULL, NULL),
(21, 'lailatul rifkiyah', '3576567870505390', '085401664324', '20', 'ini alamat dump', 4, 1, 3, NULL, NULL),
(22, 'ani rohani', '3531477163337765', '089377069261', '27', 'ini alamat dump', 4, 1, 3, NULL, NULL),
(23, 'jeviharyanti', '3537441913962744', '089555076771', '50', 'ini alamat dump', 4, 1, 3, NULL, NULL),
(24, 'urvaniatul ilmia', '3566501083960123', '085982640512', '23', 'ini alamat dump', 4, 1, 3, NULL, NULL),
(25, 'puji astutik', '3556435424804131', '083894925064', '33', 'ini alamat dump', 4, 1, 3, NULL, NULL),
(26, 'nur fadila', '3597372083451410', '083884474825', '28', 'ini alamat dump', 4, 1, 3, NULL, NULL),
(27, 'sindi wahyuni', '3589599826324552', '084617605401', '17', 'ini alamat dump', 4, 1, 3, NULL, NULL),
(28, 'wiwin winawati', '3517017519208047', '081958317117', '20', 'ini alamat dump', 4, 1, 3, NULL, NULL),
(29, 'rifika amfelia febiola', '3563229286150940', '085801266203', '22', 'ini alamat dump', 4, 1, 3, NULL, NULL),
(30, 'siti marifah', '3564451567509672', '086126317507', '30', 'ini alamat dump', 4, 1, 3, NULL, NULL),
(31, 'halimatus sadiyah', '3511391846218270', '082360696757', '50', 'ini alamat dump', 4, 1, 3, NULL, NULL),
(32, 'fatmawati', '3586816085861484', '084327953416', '35', 'ini alamat dump', 4, 1, 3, NULL, NULL),
(33, 'dwi oktari saputri', '3590837823653095', '084429318990', '44', 'ini alamat dump', 4, 1, 3, NULL, NULL),
(34, 'fitaloka', '3543911496407109', '082152181727', '29', 'ini alamat dump', 4, 1, 3, NULL, NULL),
(35, 'ifantun nisak', '3595107800502696', '086588376261', '28', 'ini alamat dump', 4, 1, 3, NULL, NULL),
(36, 'putri eka sari', '3519491062461605', '083647750455', '27', 'ini alamat dump', 4, 1, 3, NULL, NULL),
(37, 'fatma asiyah', '3545042240661646', '084610585879', '20', 'ini alamat dump', 4, 1, 3, NULL, NULL),
(38, 'tantirolatika', '3586283036885160', '086606169468', '16', 'ini alamat dump', 4, 1, 3, NULL, NULL),
(39, 'livia nozilia', '3518034286824798', '087046306030', '20', 'ini alamat dump', 4, 1, 3, NULL, NULL),
(40, 'haliama', '3587437718400850', '081084585866', '18', 'ini alamat dump', 4, 1, 3, NULL, NULL),
(41, 'dyah maharaini', '3585696958557534', '082065928714', '47', 'ini alamat dump', 4, 1, 3, NULL, NULL),
(42, 'aminatus suhria', '3597868725440359', '081222479571', '50', 'ini alamat dump', 4, 1, 3, NULL, NULL),
(43, 'yuli nurul inayah', '3513846956626512', '084370101293', '32', 'ini alamat dump', 4, 1, 3, NULL, NULL),
(44, 'nur suliyah', '3593721011719461', '084901945467', '44', 'ini alamat dump', 4, 1, 3, NULL, NULL),
(45, 'yuni maulina putri', '3588614082280783', '083479551372', '32', 'ini alamat dump', 4, 1, 3, NULL, NULL),
(46, 'siti nur faidah', '3560040612795225', '088950218140', '42', 'ini alamat dump', 4, 1, 3, NULL, NULL),
(47, '', '3597937197999106', '081232104766', '32', 'ini alamat dump', 4, 2, 3, NULL, NULL),
(48, 'efa fahmadiah jilan machfi', '3583982257349507', '085689518868', '44', 'ini alamat dump', 4, 1, 3, NULL, NULL),
(49, 'riska', '3570840829649094', '085200692823', '50', 'ini alamat dump', 4, 1, 3, NULL, NULL),
(50, 'dian astarini saputri', '3565933114584968', '084637937330', '18', 'ini alamat dump', 4, 1, 3, NULL, NULL),
(51, 'ikafina danifatus sunnah', '3574439650210927', '081283267656', '28', 'ini alamat dump', 4, 1, 3, NULL, NULL),
(52, 'nindia rozzidhatul savira', '3555275932561987', '088922673055', '23', 'ini alamat dump', 4, 1, 3, NULL, NULL),
(53, 'fajar imroatul fahima', '3526036186218777', '083965854008', '48', 'ini alamat dump', 4, 1, 3, NULL, NULL),
(54, 'hindun dwi habiba', '3572353762079099', '089039384896', '33', 'ini alamat dump', 4, 1, 3, NULL, NULL),
(55, 'jumaati', '3520768806272124', '088031967045', '45', 'ini alamat dump', 4, 1, 3, NULL, NULL),
(56, 'siti nur holisa', '3573416385982234', '085725276237', '39', 'ini alamat dump', 4, 1, 3, NULL, NULL),
(57, 'ike nur jannah', '3521655789458942', '083261431866', '44', 'ini alamat dump', 4, 1, 3, NULL, NULL),
(58, 'ainiatul khoiriah', '3593341993988442', '083562485977', '22', 'ini alamat dump', 4, 1, 3, NULL, NULL),
(59, 'ari miati ningsih', '3545656742973817', '082077660489', '49', 'ini alamat dump', 4, 1, 3, NULL, NULL),
(60, 'sindiana nilla sari savitri', '3528721185114366', '081586700476', '43', 'ini alamat dump', 4, 1, 3, NULL, NULL),
(61, 'elok wardatul jannah', '3588990500349745', '082491842856', '33', 'ini alamat dump', 4, 1, 3, NULL, NULL),
(62, 'elok maisaroh', '3595250576348013', '087606599995', '29', 'ini alamat dump', 4, 1, 3, NULL, NULL),
(63, 'juhairiyah', '3563527972508254', '083931913711', '33', 'ini alamat dump', 4, 1, 3, NULL, NULL),
(64, 'siti rofiah', '3593940879056364', '084905564243', '20', 'ini alamat dump', 4, 1, 3, NULL, NULL),
(65, 'rizo', '4432136543', '085121', '21', 'nbkhgjhgghvn212', 1, 1, NULL, '2023-01-11 03:54:32', '2023-01-11 03:54:32');

-- --------------------------------------------------------

--
-- Struktur dari tabel `catin_criterias`
--

CREATE TABLE `catin_criterias` (
  `id` bigint(20) UNSIGNED NOT NULL,
  `catin_id` bigint(20) UNSIGNED NOT NULL,
  `criteria_id` bigint(20) UNSIGNED NOT NULL,
  `value` double(8,2) NOT NULL,
  `conversion` int(11) NOT NULL COMMENT '1 == tidak terpapar, 2 == terpapar',
  `created_at` timestamp NULL DEFAULT NULL,
  `updated_at` timestamp NULL DEFAULT NULL
) ENGINE=InnoDB DEFAULT CHARSET=utf8mb4 COLLATE=utf8mb4_unicode_ci;

--
-- Dumping data untuk tabel `catin_criterias`
--

INSERT INTO `catin_criterias` (`id`, `catin_id`, `criteria_id`, `value`, `conversion`, `created_at`, `updated_at`) VALUES
(1, 1, 1, 22.00, 1, NULL, '2023-01-04 23:04:52'),
(2, 1, 2, 11.00, 1, NULL, '2023-01-07 05:57:55'),
(3, 1, 3, 19.98, 1, NULL, '2023-01-07 05:57:55'),
(4, 1, 4, 23.00, 3, NULL, '2023-01-07 05:57:55'),
(5, 1, 5, 2.00, 5, NULL, '2023-01-07 05:52:38'),
(6, 2, 1, 20.00, 5, NULL, '2022-12-06 19:10:50'),
(7, 2, 2, 13.00, 1, NULL, '2022-12-06 19:10:50'),
(8, 2, 3, 31.82, 3, NULL, '2022-12-06 19:10:50'),
(9, 2, 4, 27.00, 1, NULL, NULL),
(10, 2, 5, 2.00, 5, NULL, '2022-12-06 19:10:50'),
(11, 3, 1, 23.00, 1, NULL, NULL),
(12, 3, 2, 14.30, 1, NULL, NULL),
(13, 3, 3, 19.17, 1, NULL, '2022-12-07 05:55:18'),
(14, 3, 4, 23.00, 3, NULL, NULL),
(15, 3, 5, 1.00, 1, NULL, NULL),
(16, 4, 1, 24.00, 1, NULL, NULL),
(17, 4, 2, 12.10, 1, NULL, NULL),
(18, 4, 3, 19.31, 1, NULL, '2022-12-07 05:58:38'),
(19, 4, 4, 20.00, 3, NULL, NULL),
(20, 4, 5, 1.00, 1, NULL, NULL),
(21, 5, 1, 19.00, 5, NULL, NULL),
(22, 5, 2, 11.60, 1, NULL, NULL),
(23, 5, 3, 21.33, 1, NULL, '2022-12-07 06:02:24'),
(24, 5, 4, 23.50, 1, NULL, NULL),
(25, 5, 5, 1.00, 1, NULL, NULL),
(26, 61, 1, 22.00, 1, NULL, '2022-12-11 07:33:42'),
(27, 61, 2, 8.00, 4, NULL, '2022-12-07 09:23:27'),
(28, 61, 3, 15.60, 5, NULL, '2022-12-11 07:33:42'),
(29, 61, 4, 17.00, 5, NULL, '2022-12-10 23:24:31'),
(30, 61, 5, 2.00, 5, NULL, '2022-12-07 21:04:57'),
(31, 62, 1, 18.00, 5, NULL, NULL),
(32, 62, 2, 6.90, 5, NULL, '2022-12-07 09:24:30'),
(33, 62, 3, 16.42, 5, NULL, '2022-12-10 22:31:43'),
(34, 62, 4, 17.00, 5, NULL, NULL),
(35, 62, 5, 1.00, 1, NULL, NULL),
(36, 63, 1, 16.00, 5, NULL, '2022-12-11 07:29:56'),
(37, 63, 2, 7.00, 4, NULL, '2022-12-10 23:22:41'),
(38, 63, 3, 16.87, 5, NULL, '2022-12-11 07:29:56'),
(39, 63, 4, 18.00, 5, NULL, NULL),
(40, 63, 5, 2.00, 5, NULL, NULL),
(41, 64, 1, 21.00, 1, NULL, NULL),
(42, 64, 2, 10.00, 3, NULL, NULL),
(43, 64, 3, 17.40, 4, NULL, '2022-12-07 09:26:27'),
(44, 64, 4, 18.50, 3, NULL, NULL),
(45, 64, 5, 1.00, 1, NULL, NULL),
(46, 6, 1, 19.00, 5, '2022-12-07 06:04:29', '2022-12-07 06:04:29'),
(47, 6, 2, 11.70, 1, '2022-12-07 06:04:29', '2022-12-07 06:04:29'),
(48, 6, 3, 18.00, 4, '2022-12-07 06:04:29', '2022-12-07 06:04:29'),
(49, 6, 4, 24.00, 1, '2022-12-07 06:04:29', '2022-12-07 20:54:29'),
(50, 6, 5, 1.00, 1, '2022-12-07 06:04:29', '2022-12-07 06:04:29'),
(51, 7, 1, 22.00, 1, '2022-12-07 06:11:51', '2022-12-07 06:11:51'),
(52, 7, 2, 12.70, 1, '2022-12-07 06:11:51', '2022-12-07 06:11:51'),
(53, 7, 3, 20.17, 1, '2022-12-07 06:11:51', '2022-12-07 06:11:51'),
(54, 7, 4, 23.00, 3, '2022-12-07 06:11:51', '2022-12-07 06:11:51'),
(55, 7, 5, 1.00, 1, '2022-12-07 06:11:51', '2022-12-07 06:11:51'),
(56, 8, 1, 20.00, 5, '2022-12-07 06:13:42', '2022-12-07 06:13:42'),
(57, 8, 2, 13.20, 1, '2022-12-07 06:13:42', '2022-12-07 06:13:42'),
(58, 8, 3, 18.73, 1, '2022-12-07 06:13:42', '2022-12-07 22:50:25'),
(59, 8, 4, 23.00, 3, '2022-12-07 06:13:42', '2022-12-07 06:13:42'),
(60, 8, 5, 1.00, 1, '2022-12-07 06:13:42', '2022-12-07 22:50:25'),
(61, 9, 1, 18.00, 5, '2022-12-07 06:15:24', '2022-12-07 06:15:24'),
(62, 9, 2, 12.00, 1, '2022-12-07 06:15:24', '2022-12-07 06:15:24'),
(63, 9, 3, 21.22, 1, '2022-12-07 06:15:24', '2022-12-07 06:15:24'),
(64, 9, 4, 23.00, 3, '2022-12-07 06:15:24', '2022-12-07 06:15:24'),
(65, 9, 5, 1.00, 1, '2022-12-07 06:15:24', '2022-12-07 06:15:24'),
(66, 10, 1, 21.00, 1, '2022-12-07 06:16:35', '2022-12-07 06:16:35'),
(67, 10, 2, 11.80, 1, '2022-12-07 06:16:35', '2022-12-07 06:16:35'),
(68, 10, 3, 21.58, 1, '2022-12-07 06:16:35', '2022-12-07 06:16:35'),
(69, 10, 4, 24.00, 1, '2022-12-07 06:16:35', '2022-12-07 06:16:35'),
(70, 10, 5, 1.00, 1, '2022-12-07 06:16:35', '2022-12-07 06:16:35'),
(71, 11, 1, 20.00, 5, '2022-12-07 06:18:39', '2022-12-07 06:18:39'),
(72, 11, 2, 13.20, 1, '2022-12-07 06:18:39', '2022-12-07 06:18:39'),
(73, 11, 3, 18.73, 1, '2022-12-07 06:18:39', '2022-12-07 06:18:39'),
(74, 11, 4, 23.00, 3, '2022-12-07 06:18:39', '2022-12-07 06:18:39'),
(75, 11, 5, 1.00, 1, '2022-12-07 06:18:39', '2022-12-07 06:18:39'),
(76, 12, 1, 19.00, 5, '2022-12-07 06:20:18', '2022-12-07 06:20:18'),
(77, 12, 2, 11.90, 1, '2022-12-07 06:20:18', '2022-12-07 06:20:18'),
(78, 12, 3, 20.28, 1, '2022-12-07 06:21:34', '2022-12-07 06:21:34'),
(79, 12, 4, 29.00, 1, '2022-12-07 06:21:34', '2022-12-07 06:21:34'),
(80, 12, 5, 1.00, 1, '2022-12-07 06:21:34', '2022-12-07 06:21:34'),
(81, 16, 1, 28.00, 1, '2022-12-07 06:51:35', '2022-12-07 06:51:35'),
(82, 16, 2, 12.00, 1, '2022-12-07 06:51:35', '2022-12-07 06:51:35'),
(83, 16, 3, 27.59, 3, '2022-12-07 06:51:35', '2022-12-07 06:51:35'),
(84, 16, 4, 20.00, 3, '2022-12-07 06:51:35', '2022-12-07 06:51:35'),
(85, 16, 5, 1.00, 1, '2022-12-07 06:51:35', '2022-12-07 06:51:35'),
(86, 17, 1, 26.00, 1, '2022-12-07 06:53:14', '2022-12-07 06:53:14'),
(87, 17, 2, 11.80, 1, '2022-12-07 06:53:14', '2022-12-07 06:53:14'),
(88, 17, 3, 24.12, 1, '2022-12-07 06:53:14', '2022-12-07 06:53:14'),
(89, 17, 4, 29.00, 1, '2022-12-07 06:53:14', '2022-12-07 06:53:14'),
(90, 17, 5, 1.00, 1, '2022-12-07 06:53:14', '2022-12-07 06:53:14'),
(91, 18, 1, 20.00, 5, '2022-12-07 06:54:32', '2022-12-07 06:54:32'),
(92, 18, 2, 12.00, 1, '2022-12-07 06:54:32', '2022-12-07 06:56:31'),
(93, 18, 3, 20.78, 1, '2022-12-07 06:54:32', '2022-12-07 06:56:31'),
(94, 18, 4, 36.00, 1, '2022-12-07 06:54:32', '2022-12-07 06:56:31'),
(95, 18, 5, 1.00, 1, '2022-12-07 06:54:32', '2022-12-07 06:54:32'),
(96, 19, 1, 34.00, 3, '2022-12-07 06:58:32', '2022-12-07 06:58:32'),
(97, 19, 2, 10.60, 3, '2022-12-07 06:58:32', '2022-12-07 06:58:32'),
(98, 19, 3, 21.23, 1, '2022-12-07 06:58:32', '2022-12-07 20:48:45'),
(99, 19, 4, 24.50, 1, '2022-12-07 06:58:32', '2022-12-07 20:48:45'),
(100, 19, 5, 2.00, 5, '2022-12-07 06:58:32', '2022-12-07 06:58:32'),
(101, 20, 1, 38.00, 3, '2022-12-07 07:00:42', '2022-12-07 07:00:42'),
(102, 20, 2, 11.10, 1, '2022-12-07 07:00:42', '2022-12-07 07:00:42'),
(103, 20, 3, 21.79, 1, '2022-12-07 07:00:42', '2022-12-07 07:00:42'),
(104, 20, 4, 26.00, 1, '2022-12-07 07:00:42', '2022-12-07 07:00:42'),
(105, 20, 5, 2.00, 5, '2022-12-07 07:00:42', '2022-12-07 07:00:42'),
(106, 21, 1, 23.00, 1, '2022-12-07 07:05:10', '2022-12-07 07:05:10'),
(107, 21, 2, 12.00, 1, '2022-12-07 07:05:10', '2022-12-07 07:05:10'),
(108, 21, 3, 15.82, 5, '2022-12-07 07:05:10', '2022-12-07 07:19:17'),
(109, 21, 4, 17.50, 5, '2022-12-07 07:05:10', '2022-12-07 07:05:10'),
(110, 21, 5, 1.00, 1, '2022-12-07 07:05:10', '2022-12-07 07:19:17'),
(111, 22, 1, 25.00, 1, '2022-12-07 07:17:01', '2022-12-07 07:17:01'),
(112, 22, 2, 9.80, 3, '2022-12-07 07:17:01', '2022-12-07 07:17:01'),
(113, 22, 3, 21.05, 1, '2022-12-07 07:17:01', '2022-12-07 07:17:01'),
(114, 22, 4, 23.00, 3, '2022-12-07 07:17:02', '2022-12-07 07:17:02'),
(115, 22, 5, 2.00, 5, '2022-12-07 07:17:02', '2022-12-07 07:17:02'),
(116, 23, 1, 25.00, 1, '2022-12-07 07:20:38', '2022-12-07 07:20:38'),
(117, 23, 2, 8.70, 3, '2022-12-07 07:20:38', '2022-12-07 07:20:38'),
(118, 23, 3, 22.52, 1, '2022-12-07 07:20:38', '2022-12-07 07:20:38'),
(119, 23, 4, 24.00, 1, '2022-12-07 07:20:38', '2022-12-07 07:20:38'),
(120, 23, 5, 1.00, 1, '2022-12-07 07:20:38', '2022-12-07 07:20:38'),
(121, 24, 1, 26.00, 1, '2022-12-07 07:22:03', '2022-12-07 07:22:03'),
(122, 24, 2, 11.30, 1, '2022-12-07 07:22:03', '2022-12-07 07:22:03'),
(123, 24, 3, 17.26, 4, '2022-12-07 07:22:03', '2022-12-07 07:22:03'),
(124, 24, 4, 23.50, 1, '2022-12-07 07:22:03', '2022-12-07 07:22:03'),
(125, 24, 5, 1.00, 1, '2022-12-07 07:22:03', '2022-12-07 07:22:03'),
(126, 25, 1, 23.00, 1, '2022-12-07 07:24:10', '2022-12-07 07:24:10'),
(127, 25, 2, 7.90, 3, '2022-12-07 07:24:10', '2022-12-07 07:24:10'),
(128, 25, 3, 19.70, 1, '2022-12-07 07:24:10', '2022-12-07 07:24:10'),
(129, 25, 4, 18.00, 5, '2022-12-07 07:24:10', '2022-12-07 07:24:10'),
(130, 25, 5, 1.00, 1, '2022-12-07 07:24:10', '2022-12-07 07:24:10'),
(131, 26, 1, 22.00, 1, '2022-12-07 07:26:27', '2022-12-07 20:59:58'),
(132, 26, 2, 11.00, 1, '2022-12-07 07:26:27', '2022-12-07 07:26:27'),
(133, 26, 3, 2.10, 5, '2022-12-07 07:26:27', '2022-12-07 20:59:58'),
(134, 26, 4, 19.00, 3, '2022-12-07 07:26:27', '2022-12-07 07:26:27'),
(135, 26, 5, 2.00, 5, '2022-12-07 07:26:27', '2022-12-07 07:26:27'),
(136, 27, 1, 20.00, 5, '2022-12-07 07:27:50', '2022-12-07 07:27:50'),
(137, 27, 2, 12.10, 1, '2022-12-07 07:27:50', '2022-12-07 07:27:50'),
(138, 27, 3, 18.66, 1, '2022-12-07 07:27:50', '2022-12-07 07:27:50'),
(139, 27, 4, 19.50, 3, '2022-12-07 07:27:50', '2022-12-07 07:27:50'),
(140, 27, 5, 2.00, 5, '2022-12-07 07:27:50', '2022-12-07 07:27:50'),
(141, 28, 1, 29.00, 1, '2022-12-07 07:28:46', '2022-12-07 07:28:46'),
(142, 28, 2, 10.90, 3, '2022-12-07 07:28:46', '2022-12-07 07:28:46'),
(143, 28, 3, 21.10, 1, '2022-12-07 07:28:46', '2022-12-07 07:28:46'),
(144, 28, 4, 24.50, 1, '2022-12-07 07:28:46', '2022-12-07 07:28:46'),
(145, 28, 5, 1.00, 1, '2022-12-07 07:28:46', '2022-12-07 07:28:46'),
(146, 29, 1, 23.00, 1, '2022-12-07 07:30:18', '2022-12-07 07:30:18'),
(147, 29, 2, 11.30, 1, '2022-12-07 07:30:18', '2022-12-07 07:30:18'),
(148, 29, 3, 18.90, 1, '2022-12-07 07:30:18', '2022-12-07 07:30:18'),
(149, 29, 4, 23.50, 1, '2022-12-07 07:30:18', '2022-12-07 07:30:18'),
(150, 29, 5, 2.00, 5, '2022-12-07 07:30:18', '2022-12-07 07:30:18'),
(151, 30, 1, 22.00, 1, '2022-12-07 07:31:24', '2022-12-07 07:31:24'),
(152, 30, 2, 13.00, 1, '2022-12-07 07:31:24', '2022-12-07 07:31:24'),
(153, 30, 3, 18.08, 4, '2022-12-07 07:31:24', '2022-12-07 07:31:24'),
(154, 30, 4, 21.00, 3, '2022-12-07 07:31:24', '2022-12-07 07:31:24'),
(155, 30, 5, 1.00, 1, '2022-12-07 07:31:24', '2022-12-07 07:31:24'),
(156, 31, 1, 23.00, 1, '2022-12-07 07:36:31', '2022-12-07 07:36:31'),
(157, 31, 2, 10.30, 3, '2022-12-07 07:36:31', '2022-12-07 07:36:31'),
(158, 31, 3, 18.73, 1, '2022-12-07 07:36:31', '2022-12-07 07:36:31'),
(159, 31, 4, 22.00, 3, '2022-12-07 07:36:31', '2022-12-07 07:36:31'),
(160, 31, 5, 1.00, 1, '2022-12-07 07:36:31', '2022-12-07 07:36:31'),
(161, 32, 1, 22.00, 1, '2022-12-07 07:38:29', '2022-12-07 07:38:29'),
(162, 32, 2, 8.90, 3, '2022-12-07 07:38:29', '2022-12-07 07:38:29'),
(163, 32, 3, 18.97, 1, '2022-12-07 07:38:29', '2022-12-07 07:38:29'),
(164, 32, 4, 23.00, 3, '2022-12-07 07:38:29', '2022-12-07 07:38:29'),
(165, 32, 5, 1.00, 1, '2022-12-07 07:38:29', '2022-12-07 07:38:29'),
(166, 33, 1, 23.00, 1, '2022-12-07 07:40:19', '2022-12-07 07:40:19'),
(167, 33, 2, 11.60, 1, '2022-12-07 07:40:19', '2022-12-07 07:40:19'),
(168, 33, 3, 18.59, 1, '2022-12-07 07:40:19', '2022-12-07 07:40:19'),
(169, 33, 4, 20.00, 3, '2022-12-07 07:40:19', '2022-12-07 07:40:19'),
(170, 33, 5, 1.00, 1, '2022-12-07 07:40:19', '2022-12-07 07:40:19'),
(171, 34, 1, 22.00, 1, '2022-12-07 07:41:53', '2022-12-07 07:41:53'),
(172, 34, 2, 10.70, 3, '2022-12-07 07:41:53', '2022-12-07 07:41:53'),
(173, 34, 3, 16.20, 3, '2022-12-07 07:41:53', '2022-12-07 07:41:53'),
(174, 34, 4, 18.00, 5, '2022-12-07 07:41:53', '2022-12-07 07:41:53'),
(175, 34, 5, 2.00, 5, '2022-12-07 07:41:53', '2022-12-07 07:41:53'),
(176, 35, 1, 22.00, 1, '2022-12-07 07:43:14', '2022-12-07 07:43:14'),
(177, 35, 2, 11.70, 1, '2022-12-07 07:43:14', '2022-12-07 07:43:14'),
(178, 35, 3, 18.29, 4, '2022-12-07 07:43:14', '2022-12-07 07:43:14'),
(179, 35, 4, 23.00, 3, '2022-12-07 07:43:14', '2022-12-07 07:43:14'),
(180, 35, 5, 2.00, 5, '2022-12-07 07:43:14', '2022-12-07 07:43:14'),
(181, 36, 1, 24.00, 1, '2022-12-07 07:44:36', '2022-12-07 07:44:36'),
(182, 36, 2, 13.00, 1, '2022-12-07 07:44:36', '2022-12-07 07:44:36'),
(183, 36, 3, 20.81, 1, '2022-12-07 07:44:36', '2022-12-07 07:44:36'),
(184, 36, 4, 24.50, 1, '2022-12-07 07:44:36', '2022-12-07 07:44:36'),
(185, 36, 5, 2.00, 5, '2022-12-07 07:44:36', '2022-12-07 07:44:36'),
(186, 37, 1, 20.00, 5, '2022-12-07 07:47:26', '2022-12-07 07:47:26'),
(187, 37, 2, 11.40, 1, '2022-12-07 07:47:26', '2022-12-07 07:47:26'),
(188, 37, 3, 19.72, 1, '2022-12-07 07:47:26', '2022-12-07 07:47:26'),
(189, 37, 4, 23.50, 1, '2022-12-07 07:47:26', '2022-12-07 07:47:26'),
(190, 37, 5, 2.00, 5, '2022-12-07 07:47:26', '2022-12-07 07:47:26'),
(191, 38, 1, 26.00, 1, '2022-12-07 07:52:33', '2022-12-07 07:52:33'),
(192, 38, 2, 11.00, 1, '2022-12-07 07:52:33', '2022-12-07 07:52:33'),
(193, 38, 3, 19.23, 1, '2022-12-07 07:52:33', '2022-12-07 07:52:33'),
(194, 38, 4, 23.00, 3, '2022-12-07 07:52:33', '2022-12-07 07:52:33'),
(195, 38, 5, 2.00, 5, '2022-12-07 07:52:33', '2022-12-07 07:52:33'),
(196, 39, 1, 23.00, 1, '2022-12-07 07:54:09', '2022-12-07 07:54:09'),
(197, 39, 2, 11.80, 1, '2022-12-07 07:54:09', '2022-12-07 07:54:09'),
(198, 39, 3, 26.66, 3, '2022-12-07 07:54:09', '2022-12-07 07:54:09'),
(199, 39, 4, 24.00, 1, '2022-12-07 07:54:09', '2022-12-07 07:54:09'),
(200, 39, 5, 2.00, 5, '2022-12-07 07:54:09', '2022-12-07 07:54:09'),
(201, 40, 1, 22.00, 1, '2022-12-07 07:57:13', '2022-12-07 07:57:13'),
(202, 40, 2, 10.30, 3, '2022-12-07 07:57:13', '2022-12-07 07:57:13'),
(203, 40, 3, 20.08, 1, '2022-12-07 07:57:13', '2022-12-07 07:57:13'),
(204, 40, 4, 22.00, 3, '2022-12-07 07:57:13', '2022-12-07 07:57:13'),
(205, 40, 5, 1.00, 1, '2022-12-07 07:57:13', '2022-12-07 07:57:13'),
(206, 41, 1, 27.00, 1, '2022-12-07 08:07:34', '2022-12-07 08:07:34'),
(207, 41, 2, 11.10, 1, '2022-12-07 08:07:34', '2022-12-07 08:07:34'),
(208, 41, 3, 19.47, 1, '2022-12-07 08:07:34', '2022-12-07 08:07:34'),
(209, 41, 4, 23.50, 1, '2022-12-07 08:07:34', '2022-12-07 08:07:34'),
(210, 41, 5, 1.00, 1, '2022-12-07 08:07:34', '2022-12-07 08:07:34'),
(211, 42, 1, 19.00, 5, '2022-12-07 08:10:05', '2022-12-07 08:10:05'),
(212, 42, 2, 12.10, 1, '2022-12-07 08:10:05', '2022-12-07 08:10:05'),
(213, 42, 3, 21.23, 1, '2022-12-07 08:10:05', '2022-12-07 08:10:05'),
(214, 42, 4, 23.50, 1, '2022-12-07 08:10:05', '2022-12-07 08:10:05'),
(215, 42, 5, 2.00, 5, '2022-12-07 08:10:05', '2022-12-07 08:10:05'),
(216, 43, 1, 26.00, 1, '2022-12-07 08:11:49', '2022-12-07 08:12:57'),
(217, 43, 2, 11.20, 1, '2022-12-07 08:11:49', '2022-12-07 08:12:57'),
(218, 43, 3, 20.17, 1, '2022-12-07 08:11:49', '2022-12-07 08:12:57'),
(219, 43, 4, 23.50, 1, '2022-12-07 08:11:49', '2022-12-07 08:11:49'),
(220, 43, 5, 2.00, 5, '2022-12-07 08:11:49', '2022-12-07 08:12:57'),
(221, 44, 1, 26.00, 1, '2022-12-07 08:14:29', '2022-12-07 08:14:29'),
(222, 44, 2, 11.20, 1, '2022-12-07 08:14:29', '2022-12-07 08:14:29'),
(223, 44, 3, 20.17, 1, '2022-12-07 08:14:29', '2022-12-07 08:14:29'),
(224, 44, 4, 23.50, 1, '2022-12-07 08:14:29', '2022-12-07 08:14:29'),
(225, 44, 5, 2.00, 5, '2022-12-07 08:14:29', '2022-12-07 08:14:29'),
(226, 45, 1, 22.00, 1, '2022-12-07 08:15:27', '2022-12-07 08:15:27'),
(227, 45, 2, 11.00, 1, '2022-12-07 08:15:27', '2022-12-07 08:15:27'),
(228, 45, 3, 18.99, 1, '2022-12-07 08:15:27', '2022-12-07 08:15:27'),
(229, 45, 4, 23.00, 3, '2022-12-07 08:15:27', '2022-12-07 08:15:27'),
(230, 45, 5, 2.00, 5, '2022-12-07 08:15:27', '2022-12-07 08:15:27'),
(231, 46, 1, 22.00, 1, '2022-12-07 08:17:14', '2022-12-07 08:17:14'),
(232, 46, 2, 10.40, 3, '2022-12-07 08:17:14', '2022-12-07 08:17:14'),
(233, 46, 3, 18.99, 1, '2022-12-07 08:17:14', '2022-12-07 08:17:14'),
(234, 46, 4, 22.00, 3, '2022-12-07 08:17:14', '2022-12-07 08:17:14'),
(235, 46, 5, 2.00, 5, '2022-12-07 08:17:14', '2022-12-07 08:17:14'),
(236, 48, 1, 22.00, 1, '2022-12-07 08:19:07', '2022-12-07 08:19:07'),
(237, 48, 2, 8.30, 3, '2022-12-07 08:19:07', '2022-12-07 08:19:07'),
(238, 48, 3, 16.77, 3, '2022-12-07 08:19:07', '2022-12-07 08:19:07'),
(239, 48, 4, 19.50, 3, '2022-12-07 08:19:07', '2022-12-07 08:19:07'),
(240, 48, 5, 1.00, 1, '2022-12-07 08:19:07', '2022-12-07 08:19:07'),
(241, 49, 1, 20.00, 5, '2022-12-07 08:38:27', '2022-12-07 08:38:27'),
(242, 49, 2, 11.30, 1, '2022-12-07 08:38:27', '2022-12-07 08:38:27'),
(243, 49, 3, 20.13, 1, '2022-12-07 08:38:27', '2022-12-07 08:38:27'),
(244, 49, 4, 24.00, 1, '2022-12-07 08:38:27', '2022-12-07 08:38:27'),
(245, 49, 5, 1.00, 1, '2022-12-07 08:38:27', '2022-12-07 08:38:27'),
(246, 50, 1, 20.00, 5, '2022-12-07 08:41:03', '2022-12-07 08:41:03'),
(247, 50, 2, 13.20, 1, '2022-12-07 08:41:03', '2022-12-07 08:41:03'),
(248, 50, 3, 20.17, 1, '2022-12-07 08:41:03', '2022-12-07 08:41:03'),
(249, 50, 4, 24.50, 1, '2022-12-07 08:41:03', '2022-12-07 08:41:03'),
(250, 50, 5, 2.00, 5, '2022-12-07 08:41:03', '2022-12-07 08:41:03'),
(251, 52, 1, 25.00, 1, '2022-12-07 08:51:05', '2022-12-07 08:51:05'),
(252, 52, 2, 11.90, 1, '2022-12-07 08:51:05', '2022-12-07 08:51:05'),
(253, 52, 3, 21.64, 1, '2022-12-07 08:51:05', '2022-12-07 08:51:05'),
(254, 52, 4, 24.00, 1, '2022-12-07 08:51:05', '2022-12-07 08:51:05'),
(255, 52, 5, 2.00, 5, '2022-12-07 08:51:05', '2022-12-07 08:51:05'),
(256, 53, 1, 28.00, 1, '2022-12-07 08:52:17', '2022-12-07 08:52:17'),
(257, 53, 2, 13.00, 1, '2022-12-07 08:52:17', '2022-12-07 08:52:17'),
(258, 53, 3, 28.31, 3, '2022-12-07 08:52:17', '2022-12-07 08:52:17'),
(259, 53, 4, 25.00, 1, '2022-12-07 08:52:17', '2022-12-07 08:52:17'),
(260, 53, 5, 1.00, 1, '2022-12-07 08:52:17', '2022-12-07 08:52:17'),
(261, 54, 1, 26.00, 1, '2022-12-07 08:54:11', '2022-12-07 08:54:11'),
(262, 54, 2, 12.30, 1, '2022-12-07 08:54:11', '2022-12-07 08:54:11'),
(263, 54, 3, 23.56, 1, '2022-12-07 08:54:11', '2022-12-07 08:54:11'),
(264, 54, 4, 24.00, 1, '2022-12-07 08:54:11', '2022-12-07 08:54:11'),
(265, 54, 5, 1.00, 1, '2022-12-07 08:54:11', '2022-12-07 08:54:11'),
(266, 55, 1, 30.00, 1, '2022-12-07 08:55:37', '2022-12-07 08:55:37'),
(267, 55, 2, 7.90, 3, '2022-12-07 08:55:37', '2022-12-07 08:55:37'),
(268, 55, 3, 17.71, 4, '2022-12-07 08:55:37', '2022-12-07 08:55:37'),
(269, 55, 4, 19.00, 3, '2022-12-07 08:55:37', '2022-12-07 08:55:37'),
(270, 55, 5, 1.00, 1, '2022-12-07 08:55:37', '2022-12-07 08:55:37'),
(271, 56, 1, 26.00, 1, '2022-12-07 09:10:13', '2022-12-07 09:10:13'),
(272, 56, 2, 11.00, 1, '2022-12-07 09:10:13', '2022-12-07 09:10:13'),
(273, 56, 3, 23.44, 1, '2022-12-07 09:10:13', '2022-12-07 09:10:13'),
(274, 56, 4, 26.00, 1, '2022-12-07 09:10:13', '2022-12-07 09:10:13'),
(275, 56, 5, 1.00, 1, '2022-12-07 09:10:13', '2022-12-07 09:10:13'),
(276, 57, 1, 20.00, 5, '2022-12-07 09:11:11', '2022-12-07 09:37:46'),
(277, 57, 2, 10.70, 3, '2022-12-07 09:11:11', '2022-12-07 09:11:11'),
(278, 57, 3, 19.63, 1, '2022-12-07 09:11:11', '2022-12-07 09:37:46'),
(279, 57, 4, 19.00, 3, '2022-12-07 09:11:11', '2022-12-07 09:11:11'),
(280, 57, 5, 2.00, 5, '2022-12-07 09:12:05', '2022-12-07 09:12:05'),
(281, 58, 1, 22.00, 1, '2022-12-07 09:17:01', '2022-12-07 20:44:50'),
(282, 58, 2, 10.50, 3, '2022-12-07 09:17:01', '2022-12-07 09:17:01'),
(283, 58, 3, 19.98, 1, '2022-12-07 09:17:01', '2022-12-07 20:44:50'),
(284, 58, 4, 24.00, 1, '2022-12-07 09:17:01', '2022-12-07 09:17:01'),
(285, 58, 5, 2.00, 5, '2022-12-07 09:17:01', '2022-12-07 09:17:01'),
(286, 59, 1, 23.00, 1, '2022-12-07 09:20:09', '2022-12-07 09:20:09'),
(287, 59, 2, 9.00, 3, '2022-12-07 09:20:09', '2022-12-07 09:20:09'),
(288, 59, 3, 18.90, 1, '2022-12-07 09:20:09', '2022-12-07 09:20:09'),
(289, 59, 4, 22.00, 3, '2022-12-07 09:20:09', '2022-12-07 09:20:09'),
(290, 59, 5, 1.00, 1, '2022-12-07 09:20:09', '2022-12-07 09:20:09'),
(291, 60, 1, 23.00, 1, '2022-12-07 09:21:57', '2022-12-07 09:21:57'),
(292, 60, 2, 11.30, 1, '2022-12-07 09:21:57', '2022-12-07 09:21:57'),
(293, 60, 3, 18.83, 1, '2022-12-07 09:21:57', '2022-12-07 09:21:57'),
(294, 60, 4, 18.50, 3, '2022-12-07 09:21:57', '2022-12-07 09:21:57'),
(295, 60, 5, 2.00, 5, '2022-12-07 09:21:57', '2022-12-07 09:21:57'),
(296, 13, 1, 22.00, 1, '2022-12-07 23:41:58', '2022-12-07 23:41:58'),
(297, 13, 2, 11.10, 1, '2022-12-07 23:41:58', '2022-12-07 23:41:58'),
(298, 13, 3, 18.86, 1, '2022-12-07 23:41:58', '2022-12-07 23:45:50'),
(299, 13, 4, 23.50, 1, '2022-12-07 23:41:58', '2022-12-07 23:45:50'),
(300, 13, 5, 1.00, 1, '2022-12-07 23:41:58', '2022-12-07 23:41:58'),
(301, 14, 1, 24.00, 1, '2022-12-07 23:43:15', '2022-12-07 23:43:15'),
(302, 14, 2, 13.80, 1, '2022-12-07 23:43:15', '2022-12-07 23:43:15'),
(303, 14, 3, 19.70, 1, '2022-12-07 23:43:15', '2022-12-07 23:48:14'),
(304, 14, 4, 34.00, 1, '2022-12-07 23:43:15', '2022-12-07 23:48:14'),
(305, 14, 5, 1.00, 1, '2022-12-07 23:43:15', '2022-12-07 23:43:15'),
(306, 15, 1, 22.00, 1, '2022-12-07 23:44:36', '2022-12-07 23:44:36'),
(307, 15, 2, 12.00, 1, '2022-12-07 23:44:36', '2022-12-07 23:44:36'),
(308, 15, 3, 31.30, 3, '2022-12-07 23:44:36', '2022-12-07 23:44:36'),
(309, 15, 4, 45.00, 1, '2022-12-07 23:44:36', '2022-12-07 23:44:36'),
(310, 15, 5, 1.00, 1, '2022-12-07 23:44:36', '2022-12-07 23:44:36'),
(311, 51, 1, 21.00, 1, '2022-12-11 07:37:32', '2022-12-11 07:37:32'),
(312, 51, 2, 9.10, 3, '2022-12-11 07:37:32', '2022-12-11 07:37:32'),
(313, 51, 3, 16.56, 5, '2022-12-11 07:37:32', '2022-12-11 07:37:32'),
(314, 51, 4, 21.00, 3, '2022-12-11 07:37:32', '2022-12-11 07:37:32'),
(315, 51, 5, 1.00, 1, '2022-12-11 07:37:32', '2022-12-11 07:37:32'),
(316, 65, 1, 22.00, 1, '2023-01-11 03:55:23', '2023-01-11 03:55:23'),
(317, 65, 2, 13.20, 1, '2023-01-11 03:55:23', '2023-01-11 03:55:23'),
(318, 65, 3, 17.80, 4, '2023-01-11 03:55:23', '2023-01-11 03:55:23'),
(319, 65, 4, 24.00, 1, '2023-01-11 03:55:23', '2023-01-11 03:55:23'),
(320, 65, 5, 2.00, 5, '2023-01-11 03:55:23', '2023-01-11 03:55:23');

-- --------------------------------------------------------

--
-- Struktur dari tabel `catin_statuses`
--

CREATE TABLE `catin_statuses` (
  `id` bigint(20) UNSIGNED NOT NULL,
  `name` varchar(255) COLLATE utf8mb4_unicode_ci NOT NULL,
  `created_at` timestamp NULL DEFAULT NULL,
  `updated_at` timestamp NULL DEFAULT NULL
) ENGINE=InnoDB DEFAULT CHARSET=utf8mb4 COLLATE=utf8mb4_unicode_ci;

--
-- Dumping data untuk tabel `catin_statuses`
--

INSERT INTO `catin_statuses` (`id`, `name`, `created_at`, `updated_at`) VALUES
(1, 'Active', NULL, NULL),
(2, 'Disable', NULL, NULL);

-- --------------------------------------------------------

--
-- Struktur dari tabel `criterias`
--

CREATE TABLE `criterias` (
  `id` bigint(20) UNSIGNED NOT NULL,
  `name` varchar(255) COLLATE utf8mb4_unicode_ci NOT NULL,
  `value` int(11) NOT NULL,
  `as` varchar(255) COLLATE utf8mb4_unicode_ci NOT NULL,
  `created_at` timestamp NULL DEFAULT NULL,
  `updated_at` timestamp NULL DEFAULT NULL
) ENGINE=InnoDB DEFAULT CHARSET=utf8mb4 COLLATE=utf8mb4_unicode_ci;

--
-- Dumping data untuk tabel `criterias`
--

INSERT INTO `criterias` (`id`, `name`, `value`, `as`, `created_at`, `updated_at`) VALUES
(1, 'umur', 5, 'umur', NULL, NULL),
(2, 'hb', 4, 'hemoglobin', NULL, NULL),
(3, 'imt', 3, 'indek massa tubuh', NULL, NULL),
(4, 'lila', 2, 'lingkar langan atas', NULL, NULL),
(5, 'merokok', 1, 'merokok', NULL, NULL);

-- --------------------------------------------------------

--
-- Struktur dari tabel `failed_jobs`
--

CREATE TABLE `failed_jobs` (
  `id` bigint(20) UNSIGNED NOT NULL,
  `uuid` varchar(255) COLLATE utf8mb4_unicode_ci NOT NULL,
  `connection` text COLLATE utf8mb4_unicode_ci NOT NULL,
  `queue` text COLLATE utf8mb4_unicode_ci NOT NULL,
  `payload` longtext COLLATE utf8mb4_unicode_ci NOT NULL,
  `exception` longtext COLLATE utf8mb4_unicode_ci NOT NULL,
  `failed_at` timestamp NOT NULL DEFAULT current_timestamp()
) ENGINE=InnoDB DEFAULT CHARSET=utf8mb4 COLLATE=utf8mb4_unicode_ci;

-- --------------------------------------------------------

--
-- Struktur dari tabel `history_catin_criterias`
--

CREATE TABLE `history_catin_criterias` (
  `id` bigint(20) UNSIGNED NOT NULL,
  `catin_id` bigint(20) UNSIGNED NOT NULL,
  `criteria_id` bigint(20) UNSIGNED NOT NULL,
  `value` double(8,2) NOT NULL,
  `conversion` int(11) NOT NULL COMMENT '1 == tidak terpapar, 2 == terpapar',
  `created_at` timestamp NULL DEFAULT NULL,
  `updated_at` timestamp NULL DEFAULT NULL
) ENGINE=InnoDB DEFAULT CHARSET=utf8mb4 COLLATE=utf8mb4_unicode_ci;

--
-- Dumping data untuk tabel `history_catin_criterias`
--

INSERT INTO `history_catin_criterias` (`id`, `catin_id`, `criteria_id`, `value`, `conversion`, `created_at`, `updated_at`) VALUES
(1, 1, 1, 39.00, 3, NULL, '2022-12-06 19:09:04'),
(2, 1, 2, 11.50, 1, NULL, NULL),
(3, 1, 3, 17.63, 4, NULL, '2022-12-07 06:01:21'),
(4, 1, 4, 27.00, 1, NULL, NULL),
(5, 1, 5, 1.00, 1, NULL, NULL),
(6, 2, 1, 20.00, 5, NULL, '2022-12-06 19:10:50'),
(7, 2, 2, 13.00, 1, NULL, '2022-12-06 19:10:50'),
(8, 2, 3, 31.82, 3, NULL, '2022-12-06 19:10:50'),
(9, 2, 4, 27.00, 1, NULL, NULL),
(10, 2, 5, 2.00, 5, NULL, '2022-12-06 19:10:50'),
(11, 3, 1, 23.00, 1, NULL, NULL),
(12, 3, 2, 14.30, 1, NULL, NULL),
(13, 3, 3, 19.17, 1, NULL, '2022-12-07 05:55:18'),
(14, 3, 4, 23.00, 3, NULL, NULL),
(15, 3, 5, 1.00, 1, NULL, NULL),
(16, 4, 1, 24.00, 1, NULL, NULL),
(17, 4, 2, 12.10, 1, NULL, NULL),
(18, 4, 3, 19.31, 1, NULL, '2022-12-07 05:58:38'),
(19, 4, 4, 20.00, 3, NULL, NULL),
(20, 4, 5, 1.00, 1, NULL, NULL),
(21, 5, 1, 19.00, 5, NULL, NULL),
(22, 5, 2, 11.60, 1, NULL, NULL),
(23, 5, 3, 21.33, 1, NULL, '2022-12-07 06:02:24'),
(24, 5, 4, 23.50, 1, NULL, NULL),
(25, 5, 5, 1.00, 1, NULL, NULL),
(26, 61, 1, 22.00, 1, NULL, '2022-12-11 07:33:42'),
(27, 61, 2, 8.00, 4, NULL, '2022-12-07 09:23:27'),
(28, 61, 3, 15.60, 5, NULL, '2022-12-11 07:33:42'),
(29, 61, 4, 17.00, 5, NULL, '2022-12-10 23:24:31'),
(30, 61, 5, 2.00, 5, NULL, '2022-12-07 21:04:57'),
(31, 62, 1, 18.00, 5, NULL, NULL),
(32, 62, 2, 6.90, 5, NULL, '2022-12-07 09:24:30'),
(33, 62, 3, 16.42, 5, NULL, '2022-12-10 22:31:43'),
(34, 62, 4, 17.00, 5, NULL, NULL),
(35, 62, 5, 1.00, 1, NULL, NULL),
(36, 63, 1, 16.00, 5, NULL, '2022-12-11 07:29:56'),
(37, 63, 2, 7.00, 4, NULL, '2022-12-10 23:22:41'),
(38, 63, 3, 16.87, 5, NULL, '2022-12-11 07:29:56'),
(39, 63, 4, 18.00, 5, NULL, NULL),
(40, 63, 5, 2.00, 5, NULL, NULL),
(41, 64, 1, 21.00, 1, NULL, NULL),
(42, 64, 2, 10.00, 3, NULL, NULL),
(43, 64, 3, 17.40, 4, NULL, '2022-12-07 09:26:27'),
(44, 64, 4, 18.50, 3, NULL, NULL),
(45, 64, 5, 1.00, 1, NULL, NULL),
(46, 6, 1, 19.00, 5, '2022-12-07 06:04:29', '2022-12-07 06:04:29'),
(47, 6, 2, 11.70, 1, '2022-12-07 06:04:29', '2022-12-07 06:04:29'),
(48, 6, 3, 18.00, 4, '2022-12-07 06:04:29', '2022-12-07 06:04:29'),
(49, 6, 4, 24.00, 1, '2022-12-07 06:04:29', '2022-12-07 20:54:29'),
(50, 6, 5, 1.00, 1, '2022-12-07 06:04:29', '2022-12-07 06:04:29'),
(51, 7, 1, 22.00, 1, '2022-12-07 06:11:51', '2022-12-07 06:11:51'),
(52, 7, 2, 12.70, 1, '2022-12-07 06:11:51', '2022-12-07 06:11:51'),
(53, 7, 3, 20.17, 1, '2022-12-07 06:11:51', '2022-12-07 06:11:51'),
(54, 7, 4, 23.00, 3, '2022-12-07 06:11:51', '2022-12-07 06:11:51'),
(55, 7, 5, 1.00, 1, '2022-12-07 06:11:51', '2022-12-07 06:11:51'),
(56, 8, 1, 20.00, 5, '2022-12-07 06:13:42', '2022-12-07 06:13:42'),
(57, 8, 2, 13.20, 1, '2022-12-07 06:13:42', '2022-12-07 06:13:42'),
(58, 8, 3, 18.73, 1, '2022-12-07 06:13:42', '2022-12-07 22:50:25'),
(59, 8, 4, 23.00, 3, '2022-12-07 06:13:42', '2022-12-07 06:13:42'),
(60, 8, 5, 1.00, 1, '2022-12-07 06:13:42', '2022-12-07 22:50:25'),
(61, 9, 1, 18.00, 5, '2022-12-07 06:15:24', '2022-12-07 06:15:24'),
(62, 9, 2, 12.00, 1, '2022-12-07 06:15:24', '2022-12-07 06:15:24'),
(63, 9, 3, 21.22, 1, '2022-12-07 06:15:24', '2022-12-07 06:15:24'),
(64, 9, 4, 23.00, 3, '2022-12-07 06:15:24', '2022-12-07 06:15:24'),
(65, 9, 5, 1.00, 1, '2022-12-07 06:15:24', '2022-12-07 06:15:24'),
(66, 10, 1, 21.00, 1, '2022-12-07 06:16:35', '2022-12-07 06:16:35'),
(67, 10, 2, 11.80, 1, '2022-12-07 06:16:35', '2022-12-07 06:16:35'),
(68, 10, 3, 21.58, 1, '2022-12-07 06:16:35', '2022-12-07 06:16:35'),
(69, 10, 4, 24.00, 1, '2022-12-07 06:16:35', '2022-12-07 06:16:35'),
(70, 10, 5, 1.00, 1, '2022-12-07 06:16:35', '2022-12-07 06:16:35'),
(71, 11, 1, 20.00, 5, '2022-12-07 06:18:39', '2022-12-07 06:18:39'),
(72, 11, 2, 13.20, 1, '2022-12-07 06:18:39', '2022-12-07 06:18:39'),
(73, 11, 3, 18.73, 1, '2022-12-07 06:18:39', '2022-12-07 06:18:39'),
(74, 11, 4, 23.00, 3, '2022-12-07 06:18:39', '2022-12-07 06:18:39'),
(75, 11, 5, 1.00, 1, '2022-12-07 06:18:39', '2022-12-07 06:18:39'),
(76, 12, 1, 19.00, 5, '2022-12-07 06:20:18', '2022-12-07 06:20:18'),
(77, 12, 2, 11.90, 1, '2022-12-07 06:20:18', '2022-12-07 06:20:18'),
(78, 12, 3, 20.28, 1, '2022-12-07 06:21:34', '2022-12-07 06:21:34'),
(79, 12, 4, 29.00, 1, '2022-12-07 06:21:34', '2022-12-07 06:21:34'),
(80, 12, 5, 1.00, 1, '2022-12-07 06:21:34', '2022-12-07 06:21:34'),
(81, 16, 1, 28.00, 1, '2022-12-07 06:51:35', '2022-12-07 06:51:35'),
(82, 16, 2, 12.00, 1, '2022-12-07 06:51:35', '2022-12-07 06:51:35'),
(83, 16, 3, 27.59, 3, '2022-12-07 06:51:35', '2022-12-07 06:51:35'),
(84, 16, 4, 20.00, 3, '2022-12-07 06:51:35', '2022-12-07 06:51:35'),
(85, 16, 5, 1.00, 1, '2022-12-07 06:51:35', '2022-12-07 06:51:35'),
(86, 17, 1, 26.00, 1, '2022-12-07 06:53:14', '2022-12-07 06:53:14'),
(87, 17, 2, 11.80, 1, '2022-12-07 06:53:14', '2022-12-07 06:53:14'),
(88, 17, 3, 24.12, 1, '2022-12-07 06:53:14', '2022-12-07 06:53:14'),
(89, 17, 4, 29.00, 1, '2022-12-07 06:53:14', '2022-12-07 06:53:14'),
(90, 17, 5, 1.00, 1, '2022-12-07 06:53:14', '2022-12-07 06:53:14'),
(91, 18, 1, 20.00, 5, '2022-12-07 06:54:32', '2022-12-07 06:54:32'),
(92, 18, 2, 12.00, 1, '2022-12-07 06:54:32', '2022-12-07 06:56:31'),
(93, 18, 3, 20.78, 1, '2022-12-07 06:54:32', '2022-12-07 06:56:31'),
(94, 18, 4, 36.00, 1, '2022-12-07 06:54:32', '2022-12-07 06:56:31'),
(95, 18, 5, 1.00, 1, '2022-12-07 06:54:32', '2022-12-07 06:54:32'),
(96, 19, 1, 34.00, 3, '2022-12-07 06:58:32', '2022-12-07 06:58:32'),
(97, 19, 2, 10.60, 3, '2022-12-07 06:58:32', '2022-12-07 06:58:32'),
(98, 19, 3, 21.23, 1, '2022-12-07 06:58:32', '2022-12-07 20:48:45'),
(99, 19, 4, 24.50, 1, '2022-12-07 06:58:32', '2022-12-07 20:48:45'),
(100, 19, 5, 2.00, 5, '2022-12-07 06:58:32', '2022-12-07 06:58:32'),
(101, 20, 1, 38.00, 3, '2022-12-07 07:00:42', '2022-12-07 07:00:42'),
(102, 20, 2, 11.10, 1, '2022-12-07 07:00:42', '2022-12-07 07:00:42'),
(103, 20, 3, 21.79, 1, '2022-12-07 07:00:42', '2022-12-07 07:00:42'),
(104, 20, 4, 26.00, 1, '2022-12-07 07:00:42', '2022-12-07 07:00:42'),
(105, 20, 5, 2.00, 5, '2022-12-07 07:00:42', '2022-12-07 07:00:42'),
(106, 21, 1, 23.00, 1, '2022-12-07 07:05:10', '2022-12-07 07:05:10'),
(107, 21, 2, 12.00, 1, '2022-12-07 07:05:10', '2022-12-07 07:05:10'),
(108, 21, 3, 15.82, 5, '2022-12-07 07:05:10', '2022-12-07 07:19:17'),
(109, 21, 4, 17.50, 5, '2022-12-07 07:05:10', '2022-12-07 07:05:10'),
(110, 21, 5, 1.00, 1, '2022-12-07 07:05:10', '2022-12-07 07:19:17'),
(111, 22, 1, 25.00, 1, '2022-12-07 07:17:01', '2022-12-07 07:17:01'),
(112, 22, 2, 9.80, 3, '2022-12-07 07:17:01', '2022-12-07 07:17:01'),
(113, 22, 3, 21.05, 1, '2022-12-07 07:17:01', '2022-12-07 07:17:01'),
(114, 22, 4, 23.00, 3, '2022-12-07 07:17:02', '2022-12-07 07:17:02'),
(115, 22, 5, 2.00, 5, '2022-12-07 07:17:02', '2022-12-07 07:17:02'),
(116, 23, 1, 25.00, 1, '2022-12-07 07:20:38', '2022-12-07 07:20:38'),
(117, 23, 2, 8.70, 3, '2022-12-07 07:20:38', '2022-12-07 07:20:38'),
(118, 23, 3, 22.52, 1, '2022-12-07 07:20:38', '2022-12-07 07:20:38'),
(119, 23, 4, 24.00, 1, '2022-12-07 07:20:38', '2022-12-07 07:20:38'),
(120, 23, 5, 1.00, 1, '2022-12-07 07:20:38', '2022-12-07 07:20:38'),
(121, 24, 1, 26.00, 1, '2022-12-07 07:22:03', '2022-12-07 07:22:03'),
(122, 24, 2, 11.30, 1, '2022-12-07 07:22:03', '2022-12-07 07:22:03'),
(123, 24, 3, 17.26, 4, '2022-12-07 07:22:03', '2022-12-07 07:22:03'),
(124, 24, 4, 23.50, 1, '2022-12-07 07:22:03', '2022-12-07 07:22:03'),
(125, 24, 5, 1.00, 1, '2022-12-07 07:22:03', '2022-12-07 07:22:03'),
(126, 25, 1, 23.00, 1, '2022-12-07 07:24:10', '2022-12-07 07:24:10'),
(127, 25, 2, 7.90, 3, '2022-12-07 07:24:10', '2022-12-07 07:24:10'),
(128, 25, 3, 19.70, 1, '2022-12-07 07:24:10', '2022-12-07 07:24:10'),
(129, 25, 4, 18.00, 5, '2022-12-07 07:24:10', '2022-12-07 07:24:10'),
(130, 25, 5, 1.00, 1, '2022-12-07 07:24:10', '2022-12-07 07:24:10'),
(131, 26, 1, 22.00, 1, '2022-12-07 07:26:27', '2022-12-07 20:59:58'),
(132, 26, 2, 11.00, 1, '2022-12-07 07:26:27', '2022-12-07 07:26:27'),
(133, 26, 3, 2.10, 5, '2022-12-07 07:26:27', '2022-12-07 20:59:58'),
(134, 26, 4, 19.00, 3, '2022-12-07 07:26:27', '2022-12-07 07:26:27'),
(135, 26, 5, 2.00, 5, '2022-12-07 07:26:27', '2022-12-07 07:26:27'),
(136, 27, 1, 20.00, 5, '2022-12-07 07:27:50', '2022-12-07 07:27:50'),
(137, 27, 2, 12.10, 1, '2022-12-07 07:27:50', '2022-12-07 07:27:50'),
(138, 27, 3, 18.66, 1, '2022-12-07 07:27:50', '2022-12-07 07:27:50'),
(139, 27, 4, 19.50, 3, '2022-12-07 07:27:50', '2022-12-07 07:27:50'),
(140, 27, 5, 2.00, 5, '2022-12-07 07:27:50', '2022-12-07 07:27:50'),
(141, 28, 1, 29.00, 1, '2022-12-07 07:28:46', '2022-12-07 07:28:46'),
(142, 28, 2, 10.90, 3, '2022-12-07 07:28:46', '2022-12-07 07:28:46'),
(143, 28, 3, 21.10, 1, '2022-12-07 07:28:46', '2022-12-07 07:28:46'),
(144, 28, 4, 24.50, 1, '2022-12-07 07:28:46', '2022-12-07 07:28:46'),
(145, 28, 5, 1.00, 1, '2022-12-07 07:28:46', '2022-12-07 07:28:46'),
(146, 29, 1, 23.00, 1, '2022-12-07 07:30:18', '2022-12-07 07:30:18'),
(147, 29, 2, 11.30, 1, '2022-12-07 07:30:18', '2022-12-07 07:30:18'),
(148, 29, 3, 18.90, 1, '2022-12-07 07:30:18', '2022-12-07 07:30:18'),
(149, 29, 4, 23.50, 1, '2022-12-07 07:30:18', '2022-12-07 07:30:18'),
(150, 29, 5, 2.00, 5, '2022-12-07 07:30:18', '2022-12-07 07:30:18'),
(151, 30, 1, 22.00, 1, '2022-12-07 07:31:24', '2022-12-07 07:31:24'),
(152, 30, 2, 13.00, 1, '2022-12-07 07:31:24', '2022-12-07 07:31:24'),
(153, 30, 3, 18.08, 4, '2022-12-07 07:31:24', '2022-12-07 07:31:24'),
(154, 30, 4, 21.00, 3, '2022-12-07 07:31:24', '2022-12-07 07:31:24'),
(155, 30, 5, 1.00, 1, '2022-12-07 07:31:24', '2022-12-07 07:31:24'),
(156, 31, 1, 23.00, 1, '2022-12-07 07:36:31', '2022-12-07 07:36:31'),
(157, 31, 2, 10.30, 3, '2022-12-07 07:36:31', '2022-12-07 07:36:31'),
(158, 31, 3, 18.73, 1, '2022-12-07 07:36:31', '2022-12-07 07:36:31'),
(159, 31, 4, 22.00, 3, '2022-12-07 07:36:31', '2022-12-07 07:36:31'),
(160, 31, 5, 1.00, 1, '2022-12-07 07:36:31', '2022-12-07 07:36:31'),
(161, 32, 1, 22.00, 1, '2022-12-07 07:38:29', '2022-12-07 07:38:29'),
(162, 32, 2, 8.90, 3, '2022-12-07 07:38:29', '2022-12-07 07:38:29'),
(163, 32, 3, 18.97, 1, '2022-12-07 07:38:29', '2022-12-07 07:38:29'),
(164, 32, 4, 23.00, 3, '2022-12-07 07:38:29', '2022-12-07 07:38:29'),
(165, 32, 5, 1.00, 1, '2022-12-07 07:38:29', '2022-12-07 07:38:29'),
(166, 33, 1, 23.00, 1, '2022-12-07 07:40:19', '2022-12-07 07:40:19'),
(167, 33, 2, 11.60, 1, '2022-12-07 07:40:19', '2022-12-07 07:40:19'),
(168, 33, 3, 18.59, 1, '2022-12-07 07:40:19', '2022-12-07 07:40:19'),
(169, 33, 4, 20.00, 3, '2022-12-07 07:40:19', '2022-12-07 07:40:19'),
(170, 33, 5, 1.00, 1, '2022-12-07 07:40:19', '2022-12-07 07:40:19'),
(171, 34, 1, 22.00, 1, '2022-12-07 07:41:53', '2022-12-07 07:41:53'),
(172, 34, 2, 10.70, 3, '2022-12-07 07:41:53', '2022-12-07 07:41:53'),
(173, 34, 3, 16.20, 3, '2022-12-07 07:41:53', '2022-12-07 07:41:53'),
(174, 34, 4, 18.00, 5, '2022-12-07 07:41:53', '2022-12-07 07:41:53'),
(175, 34, 5, 2.00, 5, '2022-12-07 07:41:53', '2022-12-07 07:41:53'),
(176, 35, 1, 22.00, 1, '2022-12-07 07:43:14', '2022-12-07 07:43:14'),
(177, 35, 2, 11.70, 1, '2022-12-07 07:43:14', '2022-12-07 07:43:14'),
(178, 35, 3, 18.29, 4, '2022-12-07 07:43:14', '2022-12-07 07:43:14'),
(179, 35, 4, 23.00, 3, '2022-12-07 07:43:14', '2022-12-07 07:43:14'),
(180, 35, 5, 2.00, 5, '2022-12-07 07:43:14', '2022-12-07 07:43:14'),
(181, 36, 1, 24.00, 1, '2022-12-07 07:44:36', '2022-12-07 07:44:36'),
(182, 36, 2, 13.00, 1, '2022-12-07 07:44:36', '2022-12-07 07:44:36'),
(183, 36, 3, 20.81, 1, '2022-12-07 07:44:36', '2022-12-07 07:44:36'),
(184, 36, 4, 24.50, 1, '2022-12-07 07:44:36', '2022-12-07 07:44:36'),
(185, 36, 5, 2.00, 5, '2022-12-07 07:44:36', '2022-12-07 07:44:36'),
(186, 37, 1, 20.00, 5, '2022-12-07 07:47:26', '2022-12-07 07:47:26'),
(187, 37, 2, 11.40, 1, '2022-12-07 07:47:26', '2022-12-07 07:47:26'),
(188, 37, 3, 19.72, 1, '2022-12-07 07:47:26', '2022-12-07 07:47:26'),
(189, 37, 4, 23.50, 1, '2022-12-07 07:47:26', '2022-12-07 07:47:26'),
(190, 37, 5, 2.00, 5, '2022-12-07 07:47:26', '2022-12-07 07:47:26'),
(191, 38, 1, 26.00, 1, '2022-12-07 07:52:33', '2022-12-07 07:52:33'),
(192, 38, 2, 11.00, 1, '2022-12-07 07:52:33', '2022-12-07 07:52:33'),
(193, 38, 3, 19.23, 1, '2022-12-07 07:52:33', '2022-12-07 07:52:33'),
(194, 38, 4, 23.00, 3, '2022-12-07 07:52:33', '2022-12-07 07:52:33'),
(195, 38, 5, 2.00, 5, '2022-12-07 07:52:33', '2022-12-07 07:52:33'),
(196, 39, 1, 23.00, 1, '2022-12-07 07:54:09', '2022-12-07 07:54:09'),
(197, 39, 2, 11.80, 1, '2022-12-07 07:54:09', '2022-12-07 07:54:09'),
(198, 39, 3, 26.66, 3, '2022-12-07 07:54:09', '2022-12-07 07:54:09'),
(199, 39, 4, 24.00, 1, '2022-12-07 07:54:09', '2022-12-07 07:54:09'),
(200, 39, 5, 2.00, 5, '2022-12-07 07:54:09', '2022-12-07 07:54:09'),
(201, 40, 1, 22.00, 1, '2022-12-07 07:57:13', '2022-12-07 07:57:13'),
(202, 40, 2, 10.30, 3, '2022-12-07 07:57:13', '2022-12-07 07:57:13'),
(203, 40, 3, 20.08, 1, '2022-12-07 07:57:13', '2022-12-07 07:57:13'),
(204, 40, 4, 22.00, 3, '2022-12-07 07:57:13', '2022-12-07 07:57:13'),
(205, 40, 5, 1.00, 1, '2022-12-07 07:57:13', '2022-12-07 07:57:13'),
(206, 41, 1, 27.00, 1, '2022-12-07 08:07:34', '2022-12-07 08:07:34'),
(207, 41, 2, 11.10, 1, '2022-12-07 08:07:34', '2022-12-07 08:07:34'),
(208, 41, 3, 19.47, 1, '2022-12-07 08:07:34', '2022-12-07 08:07:34'),
(209, 41, 4, 23.50, 1, '2022-12-07 08:07:34', '2022-12-07 08:07:34'),
(210, 41, 5, 1.00, 1, '2022-12-07 08:07:34', '2022-12-07 08:07:34'),
(211, 42, 1, 19.00, 5, '2022-12-07 08:10:05', '2022-12-07 08:10:05'),
(212, 42, 2, 12.10, 1, '2022-12-07 08:10:05', '2022-12-07 08:10:05'),
(213, 42, 3, 21.23, 1, '2022-12-07 08:10:05', '2022-12-07 08:10:05'),
(214, 42, 4, 23.50, 1, '2022-12-07 08:10:05', '2022-12-07 08:10:05'),
(215, 42, 5, 2.00, 5, '2022-12-07 08:10:05', '2022-12-07 08:10:05'),
(216, 43, 1, 26.00, 1, '2022-12-07 08:11:49', '2022-12-07 08:12:57'),
(217, 43, 2, 11.20, 1, '2022-12-07 08:11:49', '2022-12-07 08:12:57'),
(218, 43, 3, 20.17, 1, '2022-12-07 08:11:49', '2022-12-07 08:12:57'),
(219, 43, 4, 23.50, 1, '2022-12-07 08:11:49', '2022-12-07 08:11:49'),
(220, 43, 5, 2.00, 5, '2022-12-07 08:11:49', '2022-12-07 08:12:57'),
(221, 44, 1, 26.00, 1, '2022-12-07 08:14:29', '2022-12-07 08:14:29'),
(222, 44, 2, 11.20, 1, '2022-12-07 08:14:29', '2022-12-07 08:14:29'),
(223, 44, 3, 20.17, 1, '2022-12-07 08:14:29', '2022-12-07 08:14:29'),
(224, 44, 4, 23.50, 1, '2022-12-07 08:14:29', '2022-12-07 08:14:29'),
(225, 44, 5, 2.00, 5, '2022-12-07 08:14:29', '2022-12-07 08:14:29'),
(226, 45, 1, 22.00, 1, '2022-12-07 08:15:27', '2022-12-07 08:15:27'),
(227, 45, 2, 11.00, 1, '2022-12-07 08:15:27', '2022-12-07 08:15:27'),
(228, 45, 3, 18.99, 1, '2022-12-07 08:15:27', '2022-12-07 08:15:27'),
(229, 45, 4, 23.00, 3, '2022-12-07 08:15:27', '2022-12-07 08:15:27'),
(230, 45, 5, 2.00, 5, '2022-12-07 08:15:27', '2022-12-07 08:15:27'),
(231, 46, 1, 22.00, 1, '2022-12-07 08:17:14', '2022-12-07 08:17:14'),
(232, 46, 2, 10.40, 3, '2022-12-07 08:17:14', '2022-12-07 08:17:14'),
(233, 46, 3, 18.99, 1, '2022-12-07 08:17:14', '2022-12-07 08:17:14'),
(234, 46, 4, 22.00, 3, '2022-12-07 08:17:14', '2022-12-07 08:17:14'),
(235, 46, 5, 2.00, 5, '2022-12-07 08:17:14', '2022-12-07 08:17:14'),
(236, 48, 1, 22.00, 1, '2022-12-07 08:19:07', '2022-12-07 08:19:07'),
(237, 48, 2, 8.30, 3, '2022-12-07 08:19:07', '2022-12-07 08:19:07'),
(238, 48, 3, 16.77, 3, '2022-12-07 08:19:07', '2022-12-07 08:19:07'),
(239, 48, 4, 19.50, 3, '2022-12-07 08:19:07', '2022-12-07 08:19:07'),
(240, 48, 5, 1.00, 1, '2022-12-07 08:19:07', '2022-12-07 08:19:07'),
(241, 49, 1, 20.00, 5, '2022-12-07 08:38:27', '2022-12-07 08:38:27'),
(242, 49, 2, 11.30, 1, '2022-12-07 08:38:27', '2022-12-07 08:38:27'),
(243, 49, 3, 20.13, 1, '2022-12-07 08:38:27', '2022-12-07 08:38:27'),
(244, 49, 4, 24.00, 1, '2022-12-07 08:38:27', '2022-12-07 08:38:27'),
(245, 49, 5, 1.00, 1, '2022-12-07 08:38:27', '2022-12-07 08:38:27'),
(246, 50, 1, 20.00, 5, '2022-12-07 08:41:03', '2022-12-07 08:41:03'),
(247, 50, 2, 13.20, 1, '2022-12-07 08:41:03', '2022-12-07 08:41:03'),
(248, 50, 3, 20.17, 1, '2022-12-07 08:41:03', '2022-12-07 08:41:03'),
(249, 50, 4, 24.50, 1, '2022-12-07 08:41:03', '2022-12-07 08:41:03'),
(250, 50, 5, 2.00, 5, '2022-12-07 08:41:03', '2022-12-07 08:41:03'),
(251, 52, 1, 25.00, 1, '2022-12-07 08:51:05', '2022-12-07 08:51:05'),
(252, 52, 2, 11.90, 1, '2022-12-07 08:51:05', '2022-12-07 08:51:05'),
(253, 52, 3, 21.64, 1, '2022-12-07 08:51:05', '2022-12-07 08:51:05'),
(254, 52, 4, 24.00, 1, '2022-12-07 08:51:05', '2022-12-07 08:51:05'),
(255, 52, 5, 2.00, 5, '2022-12-07 08:51:05', '2022-12-07 08:51:05'),
(256, 53, 1, 28.00, 1, '2022-12-07 08:52:17', '2022-12-07 08:52:17'),
(257, 53, 2, 13.00, 1, '2022-12-07 08:52:17', '2022-12-07 08:52:17'),
(258, 53, 3, 28.31, 3, '2022-12-07 08:52:17', '2022-12-07 08:52:17'),
(259, 53, 4, 25.00, 1, '2022-12-07 08:52:17', '2022-12-07 08:52:17'),
(260, 53, 5, 1.00, 1, '2022-12-07 08:52:17', '2022-12-07 08:52:17'),
(261, 54, 1, 26.00, 1, '2022-12-07 08:54:11', '2022-12-07 08:54:11'),
(262, 54, 2, 12.30, 1, '2022-12-07 08:54:11', '2022-12-07 08:54:11'),
(263, 54, 3, 23.56, 1, '2022-12-07 08:54:11', '2022-12-07 08:54:11'),
(264, 54, 4, 24.00, 1, '2022-12-07 08:54:11', '2022-12-07 08:54:11'),
(265, 54, 5, 1.00, 1, '2022-12-07 08:54:11', '2022-12-07 08:54:11'),
(266, 55, 1, 30.00, 1, '2022-12-07 08:55:37', '2022-12-07 08:55:37'),
(267, 55, 2, 7.90, 3, '2022-12-07 08:55:37', '2022-12-07 08:55:37'),
(268, 55, 3, 17.71, 4, '2022-12-07 08:55:37', '2022-12-07 08:55:37'),
(269, 55, 4, 19.00, 3, '2022-12-07 08:55:37', '2022-12-07 08:55:37'),
(270, 55, 5, 1.00, 1, '2022-12-07 08:55:37', '2022-12-07 08:55:37'),
(271, 56, 1, 26.00, 1, '2022-12-07 09:10:13', '2022-12-07 09:10:13'),
(272, 56, 2, 11.00, 1, '2022-12-07 09:10:13', '2022-12-07 09:10:13'),
(273, 56, 3, 23.44, 1, '2022-12-07 09:10:13', '2022-12-07 09:10:13'),
(274, 56, 4, 26.00, 1, '2022-12-07 09:10:13', '2022-12-07 09:10:13'),
(275, 56, 5, 1.00, 1, '2022-12-07 09:10:13', '2022-12-07 09:10:13'),
(276, 57, 1, 20.00, 5, '2022-12-07 09:11:11', '2022-12-07 09:37:46'),
(277, 57, 2, 10.70, 3, '2022-12-07 09:11:11', '2022-12-07 09:11:11'),
(278, 57, 3, 19.63, 1, '2022-12-07 09:11:11', '2022-12-07 09:37:46'),
(279, 57, 4, 19.00, 3, '2022-12-07 09:11:11', '2022-12-07 09:11:11'),
(280, 57, 5, 2.00, 5, '2022-12-07 09:12:05', '2022-12-07 09:12:05'),
(281, 58, 1, 22.00, 1, '2022-12-07 09:17:01', '2022-12-07 20:44:50'),
(282, 58, 2, 10.50, 3, '2022-12-07 09:17:01', '2022-12-07 09:17:01'),
(283, 58, 3, 19.98, 1, '2022-12-07 09:17:01', '2022-12-07 20:44:50'),
(284, 58, 4, 24.00, 1, '2022-12-07 09:17:01', '2022-12-07 09:17:01'),
(285, 58, 5, 2.00, 5, '2022-12-07 09:17:01', '2022-12-07 09:17:01'),
(286, 59, 1, 23.00, 1, '2022-12-07 09:20:09', '2022-12-07 09:20:09'),
(287, 59, 2, 9.00, 3, '2022-12-07 09:20:09', '2022-12-07 09:20:09'),
(288, 59, 3, 18.90, 1, '2022-12-07 09:20:09', '2022-12-07 09:20:09'),
(289, 59, 4, 22.00, 3, '2022-12-07 09:20:09', '2022-12-07 09:20:09'),
(290, 59, 5, 1.00, 1, '2022-12-07 09:20:09', '2022-12-07 09:20:09'),
(291, 60, 1, 23.00, 1, '2022-12-07 09:21:57', '2022-12-07 09:21:57'),
(292, 60, 2, 11.30, 1, '2022-12-07 09:21:57', '2022-12-07 09:21:57'),
(293, 60, 3, 18.83, 1, '2022-12-07 09:21:57', '2022-12-07 09:21:57'),
(294, 60, 4, 18.50, 3, '2022-12-07 09:21:57', '2022-12-07 09:21:57'),
(295, 60, 5, 2.00, 5, '2022-12-07 09:21:57', '2022-12-07 09:21:57'),
(296, 13, 1, 22.00, 1, '2022-12-07 23:41:58', '2022-12-07 23:41:58'),
(297, 13, 2, 11.10, 1, '2022-12-07 23:41:58', '2022-12-07 23:41:58'),
(298, 13, 3, 18.86, 1, '2022-12-07 23:41:58', '2022-12-07 23:45:50'),
(299, 13, 4, 23.50, 1, '2022-12-07 23:41:58', '2022-12-07 23:45:50'),
(300, 13, 5, 1.00, 1, '2022-12-07 23:41:58', '2022-12-07 23:41:58'),
(301, 14, 1, 24.00, 1, '2022-12-07 23:43:15', '2022-12-07 23:43:15'),
(302, 14, 2, 13.80, 1, '2022-12-07 23:43:15', '2022-12-07 23:43:15'),
(303, 14, 3, 19.70, 1, '2022-12-07 23:43:15', '2022-12-07 23:48:14'),
(304, 14, 4, 34.00, 1, '2022-12-07 23:43:15', '2022-12-07 23:48:14'),
(305, 14, 5, 1.00, 1, '2022-12-07 23:43:15', '2022-12-07 23:43:15'),
(306, 15, 1, 22.00, 1, '2022-12-07 23:44:36', '2022-12-07 23:44:36'),
(307, 15, 2, 12.00, 1, '2022-12-07 23:44:36', '2022-12-07 23:44:36'),
(308, 15, 3, 31.30, 3, '2022-12-07 23:44:36', '2022-12-07 23:44:36'),
(309, 15, 4, 45.00, 1, '2022-12-07 23:44:36', '2022-12-07 23:44:36'),
(310, 15, 5, 1.00, 1, '2022-12-07 23:44:36', '2022-12-07 23:44:36'),
(311, 51, 1, 21.00, 1, '2022-12-11 07:37:32', '2022-12-11 07:37:32'),
(312, 51, 2, 9.10, 3, '2022-12-11 07:37:32', '2022-12-11 07:37:32'),
(313, 51, 3, 16.56, 5, '2022-12-11 07:37:32', '2022-12-11 07:37:32'),
(314, 51, 4, 21.00, 3, '2022-12-11 07:37:32', '2022-12-11 07:37:32'),
(315, 51, 5, 1.00, 1, '2022-12-11 07:37:32', '2022-12-11 07:37:32'),
(316, 1, 1, 40.00, 3, '2022-12-27 20:42:45', '2022-12-27 20:42:45'),
(317, 1, 2, 11.50, 1, '2022-12-27 20:42:45', '2022-12-27 20:42:45'),
(318, 1, 3, 18.00, 4, '2022-12-27 20:42:45', '2022-12-27 20:42:45'),
(319, 1, 4, 27.00, 1, '2022-12-27 20:42:45', '2022-12-27 20:42:45'),
(320, 1, 5, 1.00, 1, '2022-12-27 20:42:45', '2022-12-27 20:42:45'),
(321, 1, 1, 40.00, 3, '2022-12-27 20:50:27', '2022-12-27 20:50:27'),
(322, 1, 2, 11.50, 1, '2022-12-27 20:50:27', '2022-12-27 20:50:27'),
(323, 1, 3, 18.37, 4, '2022-12-27 20:50:27', '2022-12-27 20:50:27'),
(324, 1, 4, 27.00, 1, '2022-12-27 20:50:27', '2022-12-27 20:50:27'),
(325, 1, 5, 1.00, 1, '2022-12-27 20:50:27', '2022-12-27 20:50:27'),
(326, 1, 1, 22.00, 1, '2023-01-04 23:04:52', '2023-01-04 23:04:52'),
(327, 1, 2, 11.00, 1, '2023-01-04 23:04:52', '2023-01-04 23:04:52'),
(328, 1, 3, 18.73, 1, '2023-01-04 23:04:52', '2023-01-04 23:04:52'),
(329, 1, 4, 12.00, 5, '2023-01-04 23:04:52', '2023-01-04 23:04:52'),
(330, 1, 5, 2.00, 5, '2023-01-04 23:04:52', '2023-01-04 23:04:52'),
(331, 1, 1, 22.00, 1, '2023-01-04 23:06:37', '2023-01-04 23:06:37'),
(332, 1, 2, 13.20, 1, '2023-01-04 23:06:37', '2023-01-04 23:06:37'),
(333, 1, 3, 19.98, 1, '2023-01-04 23:06:37', '2023-01-04 23:06:37'),
(334, 1, 4, 29.00, 1, '2023-01-04 23:06:37', '2023-01-04 23:06:37'),
(335, 1, 5, 2.00, 5, '2023-01-04 23:06:37', '2023-01-04 23:06:37'),
(336, 1, 1, 22.00, 1, '2023-01-04 23:06:57', '2023-01-04 23:06:57'),
(337, 1, 2, 13.20, 1, '2023-01-04 23:06:57', '2023-01-04 23:06:57'),
(338, 1, 3, 18.73, 1, '2023-01-04 23:06:57', '2023-01-04 23:06:57'),
(339, 1, 4, 23.50, 1, '2023-01-04 23:06:57', '2023-01-04 23:06:57'),
(340, 1, 5, 1.00, 1, '2023-01-04 23:06:57', '2023-01-04 23:06:57'),
(341, 1, 1, 22.00, 1, '2023-01-07 05:52:38', '2023-01-07 05:52:38'),
(342, 1, 2, 13.20, 1, '2023-01-07 05:52:38', '2023-01-07 05:52:38'),
(343, 1, 3, 19.23, 1, '2023-01-07 05:52:38', '2023-01-07 05:52:38'),
(344, 1, 4, 23.50, 1, '2023-01-07 05:52:38', '2023-01-07 05:52:38'),
(345, 1, 5, 2.00, 5, '2023-01-07 05:52:38', '2023-01-07 05:52:38'),
(346, 1, 1, 22.00, 1, '2023-01-07 05:57:55', '2023-01-07 05:57:55'),
(347, 1, 2, 11.00, 1, '2023-01-07 05:57:55', '2023-01-07 05:57:55'),
(348, 1, 3, 19.98, 1, '2023-01-07 05:57:55', '2023-01-07 05:57:55'),
(349, 1, 4, 23.00, 3, '2023-01-07 05:57:55', '2023-01-07 05:57:55'),
(350, 1, 5, 2.00, 5, '2023-01-07 05:57:55', '2023-01-07 05:57:55'),
(351, 65, 1, 22.00, 1, '2023-01-11 03:55:23', '2023-01-11 03:55:23'),
(352, 65, 2, 13.20, 1, '2023-01-11 03:55:23', '2023-01-11 03:55:23'),
(353, 65, 3, 17.80, 4, '2023-01-11 03:55:23', '2023-01-11 03:55:23'),
(354, 65, 4, 24.00, 1, '2023-01-11 03:55:23', '2023-01-11 03:55:23'),
(355, 65, 5, 2.00, 5, '2023-01-11 03:55:23', '2023-01-11 03:55:23');

-- --------------------------------------------------------

--
-- Struktur dari tabel `migrations`
--

CREATE TABLE `migrations` (
  `id` int(10) UNSIGNED NOT NULL,
  `migration` varchar(255) COLLATE utf8mb4_unicode_ci NOT NULL,
  `batch` int(11) NOT NULL
) ENGINE=InnoDB DEFAULT CHARSET=utf8mb4 COLLATE=utf8mb4_unicode_ci;

--
-- Dumping data untuk tabel `migrations`
--

INSERT INTO `migrations` (`id`, `migration`, `batch`) VALUES
(1, '2014_10_07_141811_create_roles_table', 1),
(2, '2014_10_07_141827_create_villages_table', 1),
(3, '2014_10_12_000000_create_users_table', 1),
(4, '2014_10_12_100000_create_password_resets_table', 1),
(5, '2019_08_19_000000_create_failed_jobs_table', 1),
(6, '2019_12_14_000001_create_personal_access_tokens_table', 1),
(7, '2022_10_07_034204_create_catin_statuses_table', 1),
(8, '2022_10_17_161652_create_teams_table', 1),
(9, '2022_10_17_165208_create_user_teams_table', 1),
(10, '2022_10_18_060849_create_catin_table', 1),
(11, '2022_10_22_115634_create_criterias_table', 1),
(12, '2022_10_23_083122_create_reports_table', 1),
(13, '2022_10_23_083131_create_report_details_table', 1),
(14, '2022_11_01_085537_create_team_villages_table', 1),
(15, '2022_11_03_031502_create_catin_criterias_table', 1);

-- --------------------------------------------------------

--
-- Struktur dari tabel `password_resets`
--

CREATE TABLE `password_resets` (
  `email` varchar(255) COLLATE utf8mb4_unicode_ci NOT NULL,
  `token` varchar(255) COLLATE utf8mb4_unicode_ci NOT NULL,
  `created_at` timestamp NULL DEFAULT NULL
) ENGINE=InnoDB DEFAULT CHARSET=utf8mb4 COLLATE=utf8mb4_unicode_ci;

-- --------------------------------------------------------

--
-- Struktur dari tabel `personal_access_tokens`
--

CREATE TABLE `personal_access_tokens` (
  `id` bigint(20) UNSIGNED NOT NULL,
  `tokenable_type` varchar(255) COLLATE utf8mb4_unicode_ci NOT NULL,
  `tokenable_id` bigint(20) UNSIGNED NOT NULL,
  `name` varchar(255) COLLATE utf8mb4_unicode_ci NOT NULL,
  `token` varchar(64) COLLATE utf8mb4_unicode_ci NOT NULL,
  `abilities` text COLLATE utf8mb4_unicode_ci DEFAULT NULL,
  `last_used_at` timestamp NULL DEFAULT NULL,
  `expires_at` timestamp NULL DEFAULT NULL,
  `created_at` timestamp NULL DEFAULT NULL,
  `updated_at` timestamp NULL DEFAULT NULL
) ENGINE=InnoDB DEFAULT CHARSET=utf8mb4 COLLATE=utf8mb4_unicode_ci;

-- --------------------------------------------------------

--
-- Struktur dari tabel `reports`
--

CREATE TABLE `reports` (
  `id` bigint(20) UNSIGNED NOT NULL,
  `created_at` timestamp NULL DEFAULT NULL,
  `updated_at` timestamp NULL DEFAULT NULL
) ENGINE=InnoDB DEFAULT CHARSET=utf8mb4 COLLATE=utf8mb4_unicode_ci;

-- --------------------------------------------------------

--
-- Struktur dari tabel `report_details`
--

CREATE TABLE `report_details` (
  `id` bigint(20) UNSIGNED NOT NULL,
  `report_id` bigint(20) UNSIGNED NOT NULL,
  `criteria_id` bigint(20) UNSIGNED NOT NULL,
  `catin_id` bigint(20) UNSIGNED NOT NULL,
  `value` int(11) NOT NULL,
  `created_at` timestamp NULL DEFAULT NULL,
  `updated_at` timestamp NULL DEFAULT NULL
) ENGINE=InnoDB DEFAULT CHARSET=utf8mb4 COLLATE=utf8mb4_unicode_ci;

-- --------------------------------------------------------

--
-- Struktur dari tabel `roles`
--

CREATE TABLE `roles` (
  `id` bigint(20) UNSIGNED NOT NULL,
  `name` varchar(255) COLLATE utf8mb4_unicode_ci NOT NULL COMMENT 'name of role',
  `created_at` timestamp NULL DEFAULT NULL,
  `updated_at` timestamp NULL DEFAULT NULL
) ENGINE=InnoDB DEFAULT CHARSET=utf8mb4 COLLATE=utf8mb4_unicode_ci;

--
-- Dumping data untuk tabel `roles`
--

INSERT INTO `roles` (`id`, `name`, `created_at`, `updated_at`) VALUES
(1, 'Penyuluh', NULL, NULL),
(2, 'PKK', NULL, NULL),
(3, 'Kader', NULL, NULL),
(4, 'Bidan', NULL, NULL);

-- --------------------------------------------------------

--
-- Struktur dari tabel `teams`
--

CREATE TABLE `teams` (
  `id` bigint(20) UNSIGNED NOT NULL,
  `name` varchar(255) COLLATE utf8mb4_unicode_ci NOT NULL,
  `created_at` timestamp NULL DEFAULT NULL,
  `updated_at` timestamp NULL DEFAULT NULL
) ENGINE=InnoDB DEFAULT CHARSET=utf8mb4 COLLATE=utf8mb4_unicode_ci;

--
-- Dumping data untuk tabel `teams`
--

INSERT INTO `teams` (`id`, `name`, `created_at`, `updated_at`) VALUES
(1, 'tim 1', NULL, NULL),
(2, 'tim 2', NULL, NULL),
(3, 'tim 3', NULL, NULL),
(4, 'tim 4', NULL, NULL),
(5, 'tim 5', NULL, NULL),
(6, 'tim 6', NULL, NULL),
(7, 'tim 7', NULL, NULL);

-- --------------------------------------------------------

--
-- Struktur dari tabel `team_villages`
--

CREATE TABLE `team_villages` (
  `id` bigint(20) UNSIGNED NOT NULL,
  `team_id` bigint(20) UNSIGNED NOT NULL,
  `village_id` bigint(20) UNSIGNED NOT NULL,
  `created_at` timestamp NULL DEFAULT NULL,
  `updated_at` timestamp NULL DEFAULT NULL
) ENGINE=InnoDB DEFAULT CHARSET=utf8mb4 COLLATE=utf8mb4_unicode_ci;

--
-- Dumping data untuk tabel `team_villages`
--

INSERT INTO `team_villages` (`id`, `team_id`, `village_id`, `created_at`, `updated_at`) VALUES
(1, 1, 1, NULL, NULL),
(2, 2, 1, NULL, NULL),
(3, 3, 1, NULL, NULL),
(4, 4, 1, NULL, NULL),
(5, 5, 1, NULL, NULL),
(6, 6, 1, NULL, NULL),
(7, 7, 1, NULL, NULL),
(8, 1, 3, NULL, NULL),
(9, 2, 3, NULL, NULL),
(10, 3, 3, NULL, NULL),
(11, 4, 3, NULL, NULL),
(12, 5, 3, NULL, NULL),
(13, 1, 5, NULL, NULL),
(14, 2, 5, NULL, NULL),
(15, 3, 5, NULL, NULL),
(16, 4, 5, NULL, NULL),
(17, 1, 4, NULL, NULL),
(18, 2, 4, NULL, NULL),
(19, 3, 4, NULL, NULL),
(20, 4, 4, NULL, NULL),
(21, 5, 4, NULL, NULL),
(22, 1, 6, NULL, NULL),
(23, 2, 6, NULL, NULL),
(24, 3, 6, NULL, NULL),
(25, 4, 6, NULL, NULL),
(26, 1, 2, NULL, NULL),
(27, 2, 2, NULL, NULL),
(28, 3, 2, NULL, NULL),
(29, 4, 2, NULL, NULL),
(30, 5, 2, NULL, NULL),
(31, 6, 2, NULL, NULL);

-- --------------------------------------------------------

--
-- Struktur dari tabel `users`
--

CREATE TABLE `users` (
  `id` bigint(20) UNSIGNED NOT NULL,
  `username` varchar(255) COLLATE utf8mb4_unicode_ci DEFAULT NULL,
  `email` varchar(255) COLLATE utf8mb4_unicode_ci DEFAULT NULL,
  `email_verified_at` timestamp NULL DEFAULT NULL,
  `password` varchar(255) COLLATE utf8mb4_unicode_ci NOT NULL,
  `role_id` bigint(20) UNSIGNED NOT NULL,
  `name` varchar(255) COLLATE utf8mb4_unicode_ci NOT NULL,
  `nik` varchar(255) COLLATE utf8mb4_unicode_ci DEFAULT NULL,
  `no_hp` varchar(255) COLLATE utf8mb4_unicode_ci NOT NULL,
  `address` text COLLATE utf8mb4_unicode_ci DEFAULT NULL,
  `village_id` bigint(20) UNSIGNED DEFAULT NULL,
  `remember_token` varchar(100) COLLATE utf8mb4_unicode_ci DEFAULT NULL,
  `created_at` timestamp NULL DEFAULT NULL,
  `updated_at` timestamp NULL DEFAULT NULL
) ENGINE=InnoDB DEFAULT CHARSET=utf8mb4 COLLATE=utf8mb4_unicode_ci;

--
-- Dumping data untuk tabel `users`
--

INSERT INTO `users` (`id`, `username`, `email`, `email_verified_at`, `password`, `role_id`, `name`, `nik`, `no_hp`, `address`, `village_id`, `remember_token`, `created_at`, `updated_at`) VALUES
(1, 'penyuluh', 'penyuluh@penyuluh.com', NULL, '$2y$10$C.ZQ5g/hZJ91ANcen3ExIuGR1GID3NVvMNQC0RNvZitQA6hGkeRwW', 1, 'Penyuluh', NULL, '081233334444', NULL, 2, 'VsXU8hZpQWTvsDWWm4vS7E8A9DOjd99rQMtEukhhw59WGRb0aucHieDCTMDJ', NULL, NULL),
(2, 'pkk', 'pkk@pkk.com', NULL, '$2y$10$1MR0pSoKYji6QmR0KQXaa.Q6cwrIkEFnBNc6sl3jzN/qe69KIn22S', 2, 'PKK', NULL, '081233334444', NULL, 5, NULL, NULL, NULL),
(3, 'kader', 'kader@kader.com', NULL, '$2y$10$FT8SMKTIYGJgrw.b8E4F1Oyn6dSHrkkwFvhZLyyL0RhrIamngIADW', 3, 'Kader', NULL, '081233334444', NULL, 1, NULL, NULL, NULL),
(4, 'bidan', 'bidan@bidan.com', NULL, '$2y$10$xxI2hxPHKXdGw/v9s9RZVuQTVRimwUmt1w5ii14cEltYV9fIiE2eK', 4, 'Bidan', NULL, '081233334444', NULL, 3, NULL, NULL, NULL),
(5, 'arikabidan', 'arika@bidan.com', NULL, '$2y$10$Y3n6THZWSHSgbCXQ20aN5.POXQxhK4LxPrnPzuJRYDDxND7pjbXXG', 4, 'Arika Safitri', NULL, '081233334444', NULL, 1, NULL, NULL, NULL),
(6, 'rohlianapkk', 'rohliana@pkk.com', NULL, '$2y$10$SD7BXaYX5LcSmt1k9F96Su7SLtXkKf/12Mj2OlXtA5ongTdzkQVtO', 2, 'Rohliana Candra Dewi', NULL, '081233334444', NULL, 1, NULL, NULL, NULL),
(7, 'imronpkk', 'imron@pkk.com', NULL, '$2y$10$kgQxi8E3j77B65JkSRO0..N45KG46JBignRPWvs5qKLMx7ohZbZsq', 3, 'Imron Rosady', NULL, '081233334444', NULL, 1, NULL, NULL, NULL),
(8, 'iftahulbidan', 'iftahul@bidan.com', NULL, '$2y$10$KaYWTHn6KP8IiNNqq..aRu902BxjqbbrlFm3oYTk3ndOJ9cZPXAay', 3, 'Iftahul Huda', NULL, '081233334444', NULL, 1, NULL, NULL, NULL),
(9, 'hairulpkk', 'hairul@pkk.com', NULL, '$2y$10$MKj8eVkGHf4Vwm2OvAvyd.60jD0tJg2nvHvO9dauey.dg218P.Mm2', 2, 'Hairul Nuraini', NULL, '081233334444', NULL, 1, NULL, NULL, NULL),
(10, 'ratnapkk', 'ratna@pkk.com', NULL, '$2y$10$AEAABGZZk9z1piE1RB2FO.mJQeytXa2LOaLp5pFRD5MWjt.R/H37K', 3, 'Ratna', NULL, '081233334444', NULL, 1, NULL, NULL, NULL),
(11, 'sigitkader', 'sigit@kader.com', NULL, '$2y$10$ebWp9ZM81toah9XVXEChSufsiqpeftZZHo6v/Y7rvPzGQXCTcDBQ2', 2, 'Sigit Abdul Hadi', NULL, '081233334444', NULL, 1, NULL, NULL, NULL),
(12, 'apriyantopkk', 'apriyanto@pkk.com', NULL, '$2y$10$uDC6rOZObpHvqeB2FMqsf.6xSiCWFMKIVuktlxxYgCPaGGH8zpzNa', 3, 'Apriyanto', NULL, '081233334444', NULL, 1, NULL, NULL, NULL),
(13, 'samharipkk', 'samhari@pkk.com', NULL, '$2y$10$UOH6EotgS0soOlINSd9F3O4Mn8UIdIJh1FVM6VX0ruaMjV0oLdl.a', 3, 'Samhari', NULL, '081233334444', NULL, 1, NULL, NULL, NULL),
(14, 'idriskader', 'idris@kader.com', NULL, '$2y$10$8r1185b65Yzx/MaAs0e97.v2y.QIPqTCjFuNqH/iZSJy23CPJZcRS', 2, 'Muh. Idris', NULL, '081233334444', NULL, 1, NULL, NULL, NULL),
(15, 'nanangpkk', 'nanang@pkk.com', NULL, '$2y$10$byNj4xw3XIjq6uHZ5vyY.uiAYLLO8CfgEG2ERKohNWoJlmExe7Ayy', 3, 'Nanang Mufti Hidayat', NULL, '081233334444', NULL, 1, NULL, NULL, NULL),
(16, 'pujipkk', 'puji@kader.com', NULL, '$2y$10$TBTfOMOPt6gtOHBIwFQUIulzxm/Lchp3LCm/DyDIvVrFnE3VK1wji', 3, 'Puji Nastiti', NULL, '081233334444', NULL, 1, NULL, NULL, NULL),
(17, 'sitikader', 'siti@kader.com', NULL, '$2y$10$m5zaFEBWMbHyspkNU7C/DOqbLB9Ak2R6Jk/wGpmMb7BX0ELXRQwXi', 3, 'Siti Nur Hasanah', NULL, '081233334444', NULL, 1, NULL, NULL, NULL),
(18, 'rustamkader', 'rustam@kader.com', NULL, '$2y$10$MD69yF0ZkAA61okaKoQ7hurFaVf3xn.IssPppxegH/IubX98jFJ3i', 3, 'Rustam', NULL, '081233334444', NULL, 1, NULL, NULL, NULL),
(19, 'ahmadpkk', 'ahmad@kader.com', NULL, '$2y$10$E5x8sa6zXmwWFmOqmzrhx.CNlza9ZLcBeO18hsb3s84xgMQZT2Dae', 3, 'Ahmad Susanto', NULL, '081233334444', NULL, 1, NULL, NULL, NULL),
(20, 'ahmadpkk', 'ahmad@pkk.com', NULL, '$2y$10$Kk44lrn5E7nVbKeG5fxGluR3Abi7w.5zLdE.OmwB/FEL00cZfM0YO', 2, 'Ahmad Chosil', NULL, '081233334444', NULL, 1, NULL, NULL, NULL),
(21, 'marsunkader', 'marsun@kader.com', NULL, '$2y$10$r74ZS8G4Tu6NwMBtV8JNXuvLa1NT1DN5Tf0IssB6P2W93w6R4r0wq', 3, 'Marsun', NULL, '081233334444', NULL, 1, NULL, NULL, NULL),
(22, 'sripkk', 'sri@pkk.com', NULL, '$2y$10$CXs2tZSI6CglnoL5bGk14ORZCwgytjCnfwnEpzFwhuo8rtoAxdkN.', 2, 'Sri Wahyuni', NULL, '081233334444', NULL, 1, NULL, NULL, NULL),
(23, 'juhairiyahpkk', 'juhairiyah@pkk.com', NULL, '$2y$10$HG1rWakiwk0JxkukSHaPFuUUkYyHH0DTLf2Qdjf/mAHdUOgiLqCoe', 2, 'Juhairiyah', NULL, '081233334444', NULL, 1, NULL, NULL, NULL),
(24, 'juhairiyakader', 'juhairiya@kader.com', NULL, '$2y$10$NqGQ1o9cF6k0bc9EPyTpIuHUN.TGW9xC9eVuk.u3mlD09YIcxkYuC', 3, 'Juhairiya', NULL, '081233334444', NULL, 1, NULL, NULL, NULL),
(25, 'abdulpkk', 'abdul@pkk.com', NULL, '$2y$10$x0EAKi448Ff8Ow1bKCFDkO2/POzO8s5jK0vcc2eXv3EY4SVISZhXq', 2, 'Abdul Mu\'is', NULL, '081233334444', NULL, 1, NULL, NULL, NULL),
(26, 'tribidan', 'tri@bidan.com', NULL, '$2y$10$w/8S3b.TGjGMYp85vj0.5O2RIqbFw52/p/yCX1MHI0BHeSV55FAMe', 4, 'Tri Wahyu Media A.', NULL, '081233334444', NULL, 3, NULL, NULL, NULL),
(27, 'ekawatipkk', 'ekawati@pkk.com', NULL, '$2y$10$eASJsD3XUPk8HS.c9201JOudTrNArf7xkVCnGuYjDDtDOYAGQvwkC', 2, 'Ekawati Dian A.', NULL, '081233334444', NULL, 3, NULL, NULL, NULL),
(28, 'sitipkk', 'siti@pkk.com', NULL, '$2y$10$1snFpGAxHEd4OhqM.mru6uPrlxV0x5cuoHbqSuGVY7CkkjBoc9j0a', 2, 'Siti Andriyana', NULL, '081233334444', NULL, 3, NULL, NULL, NULL);

-- --------------------------------------------------------

--
-- Struktur dari tabel `user_teams`
--

CREATE TABLE `user_teams` (
  `id` bigint(20) UNSIGNED NOT NULL,
  `team_id` bigint(20) UNSIGNED NOT NULL,
  `user_id` bigint(20) UNSIGNED NOT NULL,
  `as_user` varchar(255) COLLATE utf8mb4_unicode_ci DEFAULT NULL,
  `village_id` bigint(20) UNSIGNED NOT NULL,
  `created_at` timestamp NULL DEFAULT NULL,
  `updated_at` timestamp NULL DEFAULT NULL
) ENGINE=InnoDB DEFAULT CHARSET=utf8mb4 COLLATE=utf8mb4_unicode_ci;

--
-- Dumping data untuk tabel `user_teams`
--

INSERT INTO `user_teams` (`id`, `team_id`, `user_id`, `as_user`, `village_id`, `created_at`, `updated_at`) VALUES
(1, 1, 5, 'Bidan', 1, NULL, NULL),
(2, 1, 6, 'Sub PPKBD', 1, NULL, NULL),
(3, 1, 7, 'TOMA', 1, NULL, NULL),
(4, 2, 8, 'TOMA', 1, NULL, NULL),
(5, 2, 9, 'Sub PPKBD', 1, NULL, NULL),
(6, 2, 10, 'TOMA', 1, NULL, NULL),
(7, 3, 11, 'Kasun', 1, NULL, NULL),
(8, 3, 12, 'TOMA', 1, NULL, NULL),
(9, 3, 13, 'TOMA', 1, NULL, NULL),
(10, 4, 14, 'Perangkat Desa', 1, NULL, NULL),
(11, 4, 15, 'TOMA', 1, NULL, NULL),
(12, 4, 16, 'Kader', 1, NULL, NULL),
(13, 5, 17, 'Kader PKK', 1, NULL, NULL),
(14, 5, 18, 'TOMA', 1, NULL, NULL),
(15, 5, 9, 'TOMA', 1, NULL, NULL),
(16, 6, 20, 'Kasun', 1, NULL, NULL),
(17, 6, 21, 'TOMA', 1, NULL, NULL),
(18, 6, 22, 'Sub PPKBD', 1, NULL, NULL),
(19, 7, 23, ' PPKBD', 1, NULL, NULL),
(20, 7, 24, 'Sub PPKBD', 1, NULL, NULL),
(21, 7, 25, 'Kasun', 1, NULL, NULL),
(22, 1, 26, 'Paramedis/Perawat', 3, NULL, NULL),
(23, 1, 27, 'Sub PPKBD', 3, NULL, NULL),
(24, 1, 28, 'Kader TP-PKK', 3, NULL, NULL);

-- --------------------------------------------------------

--
-- Struktur dari tabel `villages`
--

CREATE TABLE `villages` (
  `id` bigint(20) UNSIGNED NOT NULL,
  `name` varchar(255) COLLATE utf8mb4_unicode_ci NOT NULL COMMENT 'name of Village',
  `created_at` timestamp NULL DEFAULT NULL,
  `updated_at` timestamp NULL DEFAULT NULL
) ENGINE=InnoDB DEFAULT CHARSET=utf8mb4 COLLATE=utf8mb4_unicode_ci;

--
-- Dumping data untuk tabel `villages`
--

INSERT INTO `villages` (`id`, `name`, `created_at`, `updated_at`) VALUES
(1, 'Arjasa', NULL, NULL),
(2, 'Kemuning Lor', NULL, NULL),
(3, 'Biting', NULL, NULL),
(4, 'Darsono', NULL, NULL),
(5, 'Candijati', NULL, NULL),
(6, 'Kamal', NULL, NULL);

--
-- Indexes for dumped tables
--

--
-- Indeks untuk tabel `catin`
--
ALTER TABLE `catin`
  ADD PRIMARY KEY (`id`),
  ADD KEY `catin_village_id_foreign` (`village_id`),
  ADD KEY `catin_status_id_foreign` (`status_id`),
  ADD KEY `catin_team_id_foreign` (`team_id`);

--
-- Indeks untuk tabel `catin_criterias`
--
ALTER TABLE `catin_criterias`
  ADD PRIMARY KEY (`id`),
  ADD KEY `catin_criterias_catin_id_foreign` (`catin_id`),
  ADD KEY `catin_criterias_criteria_id_foreign` (`criteria_id`);

--
-- Indeks untuk tabel `catin_statuses`
--
ALTER TABLE `catin_statuses`
  ADD PRIMARY KEY (`id`);

--
-- Indeks untuk tabel `criterias`
--
ALTER TABLE `criterias`
  ADD PRIMARY KEY (`id`);

--
-- Indeks untuk tabel `failed_jobs`
--
ALTER TABLE `failed_jobs`
  ADD PRIMARY KEY (`id`),
  ADD UNIQUE KEY `failed_jobs_uuid_unique` (`uuid`);

--
-- Indeks untuk tabel `history_catin_criterias`
--
ALTER TABLE `history_catin_criterias`
  ADD PRIMARY KEY (`id`),
  ADD KEY `history_catin_criterias_catin_id_foreign` (`catin_id`),
  ADD KEY `history_catin_criterias_criteria_id_foreign` (`criteria_id`);

--
-- Indeks untuk tabel `migrations`
--
ALTER TABLE `migrations`
  ADD PRIMARY KEY (`id`);

--
-- Indeks untuk tabel `password_resets`
--
ALTER TABLE `password_resets`
  ADD KEY `password_resets_email_index` (`email`);

--
-- Indeks untuk tabel `personal_access_tokens`
--
ALTER TABLE `personal_access_tokens`
  ADD PRIMARY KEY (`id`),
  ADD UNIQUE KEY `personal_access_tokens_token_unique` (`token`),
  ADD KEY `personal_access_tokens_tokenable_type_tokenable_id_index` (`tokenable_type`,`tokenable_id`);

--
-- Indeks untuk tabel `reports`
--
ALTER TABLE `reports`
  ADD PRIMARY KEY (`id`);

--
-- Indeks untuk tabel `report_details`
--
ALTER TABLE `report_details`
  ADD PRIMARY KEY (`id`),
  ADD KEY `report_details_report_id_foreign` (`report_id`),
  ADD KEY `report_details_criteria_id_foreign` (`criteria_id`),
  ADD KEY `report_details_catin_id_foreign` (`catin_id`);

--
-- Indeks untuk tabel `roles`
--
ALTER TABLE `roles`
  ADD PRIMARY KEY (`id`);

--
-- Indeks untuk tabel `teams`
--
ALTER TABLE `teams`
  ADD PRIMARY KEY (`id`);

--
-- Indeks untuk tabel `team_villages`
--
ALTER TABLE `team_villages`
  ADD PRIMARY KEY (`id`),
  ADD KEY `team_villages_team_id_foreign` (`team_id`),
  ADD KEY `team_villages_village_id_foreign` (`village_id`);

--
-- Indeks untuk tabel `users`
--
ALTER TABLE `users`
  ADD PRIMARY KEY (`id`),
  ADD UNIQUE KEY `users_email_unique` (`email`),
  ADD KEY `users_role_id_foreign` (`role_id`),
  ADD KEY `users_village_id_foreign` (`village_id`);

--
-- Indeks untuk tabel `user_teams`
--
ALTER TABLE `user_teams`
  ADD PRIMARY KEY (`id`),
  ADD KEY `user_teams_team_id_foreign` (`team_id`),
  ADD KEY `user_teams_user_id_foreign` (`user_id`),
  ADD KEY `user_teams_village_id_foreign` (`village_id`);

--
-- Indeks untuk tabel `villages`
--
ALTER TABLE `villages`
  ADD PRIMARY KEY (`id`);

--
-- AUTO_INCREMENT untuk tabel yang dibuang
--

--
-- AUTO_INCREMENT untuk tabel `catin`
--
ALTER TABLE `catin`
  MODIFY `id` bigint(20) UNSIGNED NOT NULL AUTO_INCREMENT, AUTO_INCREMENT=66;

--
-- AUTO_INCREMENT untuk tabel `catin_criterias`
--
ALTER TABLE `catin_criterias`
  MODIFY `id` bigint(20) UNSIGNED NOT NULL AUTO_INCREMENT, AUTO_INCREMENT=321;

--
-- AUTO_INCREMENT untuk tabel `catin_statuses`
--
ALTER TABLE `catin_statuses`
  MODIFY `id` bigint(20) UNSIGNED NOT NULL AUTO_INCREMENT, AUTO_INCREMENT=3;

--
-- AUTO_INCREMENT untuk tabel `criterias`
--
ALTER TABLE `criterias`
  MODIFY `id` bigint(20) UNSIGNED NOT NULL AUTO_INCREMENT, AUTO_INCREMENT=6;

--
-- AUTO_INCREMENT untuk tabel `failed_jobs`
--
ALTER TABLE `failed_jobs`
  MODIFY `id` bigint(20) UNSIGNED NOT NULL AUTO_INCREMENT;

--
-- AUTO_INCREMENT untuk tabel `history_catin_criterias`
--
ALTER TABLE `history_catin_criterias`
  MODIFY `id` bigint(20) UNSIGNED NOT NULL AUTO_INCREMENT, AUTO_INCREMENT=356;

--
-- AUTO_INCREMENT untuk tabel `migrations`
--
ALTER TABLE `migrations`
  MODIFY `id` int(10) UNSIGNED NOT NULL AUTO_INCREMENT, AUTO_INCREMENT=16;

--
-- AUTO_INCREMENT untuk tabel `personal_access_tokens`
--
ALTER TABLE `personal_access_tokens`
  MODIFY `id` bigint(20) UNSIGNED NOT NULL AUTO_INCREMENT;

--
-- AUTO_INCREMENT untuk tabel `reports`
--
ALTER TABLE `reports`
  MODIFY `id` bigint(20) UNSIGNED NOT NULL AUTO_INCREMENT;

--
-- AUTO_INCREMENT untuk tabel `report_details`
--
ALTER TABLE `report_details`
  MODIFY `id` bigint(20) UNSIGNED NOT NULL AUTO_INCREMENT;

--
-- AUTO_INCREMENT untuk tabel `roles`
--
ALTER TABLE `roles`
  MODIFY `id` bigint(20) UNSIGNED NOT NULL AUTO_INCREMENT, AUTO_INCREMENT=5;

--
-- AUTO_INCREMENT untuk tabel `teams`
--
ALTER TABLE `teams`
  MODIFY `id` bigint(20) UNSIGNED NOT NULL AUTO_INCREMENT, AUTO_INCREMENT=8;

--
-- AUTO_INCREMENT untuk tabel `team_villages`
--
ALTER TABLE `team_villages`
  MODIFY `id` bigint(20) UNSIGNED NOT NULL AUTO_INCREMENT, AUTO_INCREMENT=32;

--
-- AUTO_INCREMENT untuk tabel `users`
--
ALTER TABLE `users`
  MODIFY `id` bigint(20) UNSIGNED NOT NULL AUTO_INCREMENT, AUTO_INCREMENT=29;

--
-- AUTO_INCREMENT untuk tabel `user_teams`
--
ALTER TABLE `user_teams`
  MODIFY `id` bigint(20) UNSIGNED NOT NULL AUTO_INCREMENT, AUTO_INCREMENT=25;

--
-- AUTO_INCREMENT untuk tabel `villages`
--
ALTER TABLE `villages`
  MODIFY `id` bigint(20) UNSIGNED NOT NULL AUTO_INCREMENT, AUTO_INCREMENT=7;

--
-- Ketidakleluasaan untuk tabel pelimpahan (Dumped Tables)
--

--
-- Ketidakleluasaan untuk tabel `catin`
--
ALTER TABLE `catin`
  ADD CONSTRAINT `catin_status_id_foreign` FOREIGN KEY (`status_id`) REFERENCES `catin_statuses` (`id`),
  ADD CONSTRAINT `catin_team_id_foreign` FOREIGN KEY (`team_id`) REFERENCES `teams` (`id`),
  ADD CONSTRAINT `catin_village_id_foreign` FOREIGN KEY (`village_id`) REFERENCES `villages` (`id`);

--
-- Ketidakleluasaan untuk tabel `catin_criterias`
--
ALTER TABLE `catin_criterias`
  ADD CONSTRAINT `catin_criterias_catin_id_foreign` FOREIGN KEY (`catin_id`) REFERENCES `catin` (`id`),
  ADD CONSTRAINT `catin_criterias_criteria_id_foreign` FOREIGN KEY (`criteria_id`) REFERENCES `criterias` (`id`);

--
-- Ketidakleluasaan untuk tabel `history_catin_criterias`
--
ALTER TABLE `history_catin_criterias`
  ADD CONSTRAINT `history_catin_criterias_catin_id_foreign` FOREIGN KEY (`catin_id`) REFERENCES `catin` (`id`),
  ADD CONSTRAINT `history_catin_criterias_criteria_id_foreign` FOREIGN KEY (`criteria_id`) REFERENCES `criterias` (`id`);

--
-- Ketidakleluasaan untuk tabel `report_details`
--
ALTER TABLE `report_details`
  ADD CONSTRAINT `report_details_catin_id_foreign` FOREIGN KEY (`catin_id`) REFERENCES `catin` (`id`),
  ADD CONSTRAINT `report_details_criteria_id_foreign` FOREIGN KEY (`criteria_id`) REFERENCES `criterias` (`id`),
  ADD CONSTRAINT `report_details_report_id_foreign` FOREIGN KEY (`report_id`) REFERENCES `reports` (`id`);

--
-- Ketidakleluasaan untuk tabel `team_villages`
--
ALTER TABLE `team_villages`
  ADD CONSTRAINT `team_villages_team_id_foreign` FOREIGN KEY (`team_id`) REFERENCES `teams` (`id`),
  ADD CONSTRAINT `team_villages_village_id_foreign` FOREIGN KEY (`village_id`) REFERENCES `villages` (`id`);

--
-- Ketidakleluasaan untuk tabel `users`
--
ALTER TABLE `users`
  ADD CONSTRAINT `users_role_id_foreign` FOREIGN KEY (`role_id`) REFERENCES `roles` (`id`),
  ADD CONSTRAINT `users_village_id_foreign` FOREIGN KEY (`village_id`) REFERENCES `villages` (`id`);

--
-- Ketidakleluasaan untuk tabel `user_teams`
--
ALTER TABLE `user_teams`
  ADD CONSTRAINT `user_teams_team_id_foreign` FOREIGN KEY (`team_id`) REFERENCES `teams` (`id`),
  ADD CONSTRAINT `user_teams_user_id_foreign` FOREIGN KEY (`user_id`) REFERENCES `users` (`id`),
  ADD CONSTRAINT `user_teams_village_id_foreign` FOREIGN KEY (`village_id`) REFERENCES `villages` (`id`);
COMMIT;

/*!40101 SET CHARACTER_SET_CLIENT=@OLD_CHARACTER_SET_CLIENT */;
/*!40101 SET CHARACTER_SET_RESULTS=@OLD_CHARACTER_SET_RESULTS */;
/*!40101 SET COLLATION_CONNECTION=@OLD_COLLATION_CONNECTION */;
